RA,Dec,redshift,rmag,set_id
139.5613728531884,1.6547022712373227,1.211552536642393,18.612937927246097,1
138.33877918092233,0.599785050049004,1.6635180837253862,18.610315322875977,1
139.17793,1.7075584,1.4662655591964722,17.82859230041504,1
139.58872586221767,0.4989211279195211,1.4210607051964337,20.43379592895508,1
138.2844282060764,0.8311273336199035,1.1608336789887257,18.992494583129883,1
138.3287179202783,0.7516228226069153,1.270054853777027,20.847618103027344,1
138.2844282060764,0.8311273336199035,1.1610111507248382,18.992494583129883,1
138.32302000000004,0.61257911,1.1583173274993896,20.48438262939453,1
139.34631885086162,1.6649517704361028,1.049803125259417,21.286731719970703,1
138.56803000000002,0.29233148,1.3595720529556274,21.1919002532959,1
139.20548622867943,1.1881528744817489,1.2972974528176795,19.863605499267575,1
138.74698960232627,1.5830703362217655,1.5485625537903125,21.11021423339844,1
139.73130000000003,0.59999728,1.3930208683013916,21.50570297241211,1
139.03620351537185,2.1965575133914537,1.2519976914395057,21.395545959472656,1
138.56803000000002,0.29233148,1.357895851135254,21.1919002532959,1
139.31024537749232,0.5047982146799285,1.8250712562792928,19.141084671020508,1
139.95500084923322,0.9365066201714108,1.9492109197570135,20.14728546142578,1
139.83141724571175,0.3638402975490113,1.2473991886136986,20.47807502746582,1
139.26626999999996,2.094748,1.8609987497329712,20.68450927734375,1
139.36904368313148,1.2455491580493634,1.213452419821119,18.79938507080078,1
139.42912052396346,2.0364992912389552,1.623414876549001,20.853797912597656,1
139.22371240305208,2.0241212192618687,1.4835150726951674,20.033767700195312,1
139.92138999999997,1.6619379,1.46682870388031,22.033004760742188,1
138.40199915812042,1.2116786154299222,1.9723540892936988,20.175247192382812,1
140.09405417373608,1.2570883026561,1.212888899897716,20.18949508666992,1
138.77994409933967,1.429965622712524,1.6631146845902922,20.650983810424805,1
138.4731611253757,0.7844603576372363,1.749715120702566,21.325231552124023,1
138.50827711165863,0.4823962280900628,1.2558664198307503,20.304100036621097,1
138.90637197803798,0.7799158684263979,1.8132755211950864,19.84387588500977,1
139.87442,1.1807376,1.1348692178726196,21.900833129882812,1
139.7059373991423,1.8221913350973011,1.750963805619758,20.513877868652344,1
139.67544207858506,1.149839988112884,1.240322395571568,21.694488525390625,1
139.55210679615342,0.3765200126607929,1.6133597271330655,19.570417404174805,1
139.0343472044312,0.352040561139551,1.5920156038388822,19.349411010742188,1
138.38235685755706,1.5910535450371324,1.3682633179757222,20.82593536376953,1
139.53919124475078,1.7790629790761632,1.7462138848223716,20.059558868408203,1
139.17793220385195,1.7075583808886272,1.4694873676528175,17.53564453125,1
139.9966265725458,0.4138125634156504,1.5595365292752783,19.831207275390625,1
139.242382673619,1.5076945545734062,1.3845099079994554,19.756216049194336,1
140.16117213661116,1.2699439695434953,1.0652984858498091,20.663131713867188,1
139.74068435781967,1.5910084630772283,1.0054531271419251,19.013694763183594,1
138.68041806166653,0.5507815970552681,1.588605127809905,21.13503646850586,1
138.80342616141309,2.0402133788593932,1.6190072916042189,19.91764259338379,1
138.4283034967713,0.9323431283951172,1.7251212012206576,21.747726440429688,1
139.93286385446294,0.8598320377462353,1.9280049051812276,21.260791778564453,1
138.91236181565696,1.753799434510207,1.1591412118277855,19.93384552001953,1
139.30588,1.7255518,1.4942286014556885,21.647451400756836,1
139.99662999999998,0.41380923,1.5611810684204102,20.657499313354492,1
139.32322,0.72776124,1.219174861907959,22.442956924438477,1
139.85285756198198,1.3621006070854766,1.4709245637165076,22.32847785949707,1
139.4213257537755,0.2914123724088072,1.173940871644471,19.67198181152344,1
139.54744238419082,1.651813473668198,1.1819319743236454,21.728469848632812,1
138.69751533836512,1.2924084932808138,1.960427883401723,21.124067306518555,1
138.26306999999997,0.72928301,1.7469745874404907,17.968608856201172,1
139.26092137928438,1.046449292828881,1.194094553226272,20.76956367492676,1
138.76007612129231,0.8951143775750954,1.3130130559561992,19.11664390563965,1
138.5988208789939,1.498849685777866,1.0068077249138283,21.799375534057617,1
138.91543736818656,1.5965949772389434,1.9861359264891096,21.783191680908203,1
139.46117635252406,1.2595836482107512,1.0126074736306403,18.281953811645508,1
138.63728087421055,0.7394480335596374,1.5973098388546836,18.53993225097656,1
139.2584712506865,1.1541081318114927,1.1925821598624538,19.45167350769043,1
139.32294757505147,1.0665798094338403,1.235162852684115,21.03299140930176,1
138.41163948445455,0.382977627408706,1.5858778619403426,21.345876693725582,1
139.47290201373883,0.1463599640337486,1.5935989277880849,21.140039443969727,1
139.55210999999997,0.37652001,1.6081584692001345,20.39539909362793,1
139.22112358638316,1.0027558279923332,1.3467767951587777,20.12266540527344,1
139.29007137143296,1.4859141693973494,1.0494996339075702,19.36073112487793,1
139.26984521300272,0.8873872298287045,1.5297796313637566,18.97336769104004,1
138.51559599238223,0.9294863368464416,1.203081346696401,20.59127426147461,1
139.2131515340619,1.2981532290171764,1.5558729559654123,19.549964904785156,1
139.46969731754987,0.8761881905073863,1.0405779543068625,21.2358341217041,1
139.26984521300272,0.8873872298287045,1.5290203016891395,18.97336769104004,1
138.90442055042556,2.1047517422858175,1.3257277955208362,20.62564468383789,1
139.47289999999998,0.1463591,1.5985820293426514,21.969900131225582,1
139.28010895263787,0.9061874280221776,1.9528341624241607,21.1927490234375,1
138.27029924360718,1.791799148681296,1.6084388168073631,22.092418670654297,1
140.11541376954517,1.176712942498547,1.9352526462688608,19.78569984436035,1
139.04032620449806,2.032414366879373,1.65826259631925,20.01909065246582,1
138.26306770025678,0.7292830237129858,1.7510860485719115,18.070222854614254,1
139.09749122238216,0.3129899610271138,1.3427358940745968,19.020849227905273,1
139.23900736239622,0.7576244724517721,1.6279939255383025,20.76930809020996,1
139.86484863313638,0.2771802387190306,1.4219175545543323,19.149511337280273,1
138.5764546445224,1.7013661782968084,1.5891544722657445,21.316665649414062,1
139.17793220385195,1.7075583808886272,1.470181567558661,17.53564453125,1
138.79159117585863,1.072646379219498,1.2176962679803598,21.255674362182617,1
139.66396230458952,2.11634018661767,1.4790069209090266,18.579978942871097,1
139.66925284775448,1.3822616105364272,1.1720790437784048,21.971839904785156,1
138.8398654265521,1.20170597155531,1.4690629750712614,18.560138702392575,1
139.25551361869435,0.3077515211945448,1.590722700433234,21.403141021728516,1
138.95617766880451,1.3315472638951449,1.548661594171152,19.186363220214844,1
138.6049827205993,1.724739260309747,1.0019773580840807,19.71383476257324,1
139.42133,0.29141161,1.174621343612671,20.50860023498535,1
139.24717056762432,1.9288088197365585,1.7588697667695448,21.32504653930664,1
138.5300699627962,0.3366499265231608,1.6333823182073537,20.96280288696289,1
139.63279304654003,0.8843247290899371,1.9326996899663096,21.18682861328125,1
138.85125411998024,0.3424123669959691,1.9378089604708315,18.259136199951172,1
139.36904368313148,1.2455491580493634,1.2127548562172972,18.79938507080078,1
139.93544435075088,1.8200228779225829,1.4749879019209795,21.594154357910156,1
138.81503647298396,1.6868447456731483,1.631332826523639,20.167198181152344,1
139.74068435781967,1.5910084630772283,1.005372812689468,19.013694763183594,1
139.03435000000002,0.35204033,1.59049391746521,20.17849922180176,1
139.56617,1.2966664,1.3808249235153198,19.53984260559082,1
139.83262607950573,1.4211257837190312,1.360429248341393,20.15987968444824,1
139.06637563496514,0.9870789419957814,1.4452554715598558,19.203214645385746,1
139.04767744064506,0.877775540307393,1.173229726164632,20.673603057861328,1
138.32302459263386,0.6125791316921791,1.1594398917919744,20.61562728881836,1
140.02281135316258,1.691773935811146,1.404238358222916,19.912315368652344,1
138.92112545662363,0.1868434335245481,1.2068614816373364,20.556472778320312,1
138.63728087421055,0.7394480335596374,1.596668187692105,18.53993225097656,1
139.33247932060792,1.9307588016040176,1.7623994927001156,21.48042869567871,1
139.12984606521346,2.170666662096598,1.1801067925641908,21.031206130981445,1
139.26538132799357,1.2933990965557918,1.383086965768928,21.60285186767578,1
139.00240632266815,1.8789299554169605,1.1831487776011067,20.32596206665039,1
139.3091306807373,0.7863604503108266,1.5690509901270029,20.468137741088867,1
140.1211636091376,0.5227107319509916,1.5584351291391791,19.326074600219727,1
139.7669681027293,1.918808157541642,1.6377428884612115,21.30091094970703,1
139.24392613426383,1.333648770411526,1.2268183693676231,20.362232208251953,1
138.85125,0.34241254,1.9408849477767944,19.086200714111328,1
138.50603779890693,0.9692435869170404,1.2098772121539685,18.13067626953125,1
138.55845856919922,1.9685263930024508,1.4488791000155845,22.04650497436523,1
139.83876429295427,1.8040208113138727,1.1919194757214593,19.195541381835938,1
138.9863723893263,1.6204419118076845,1.0485154133296544,20.09290885925293,1
139.68911312430473,0.7790061109574861,1.5655018557343157,19.507373809814453,1
138.35351037553508,1.7060306468217614,1.390692429173284,20.43840789794922,1
139.17084292684876,0.3476228529933691,1.4128374320855503,20.600156784057617,1
139.72305249676896,1.4786377110456708,1.5192500356630974,20.319297790527344,1
139.72087056150056,0.6183158451103026,1.392886241291208,19.50707244873047,1
139.18985051150187,1.0038938500909762,1.2204422431843756,18.42987823486328,1
140.25964344020323,1.324488401564486,1.4076265103228462,21.23078727722168,1
139.72087,0.61831774,1.392003297805786,20.33720016479492,1
140.11963000000003,1.1402958,1.1683491468429563,22.392099380493164,1
139.01352000372364,1.4621038218147242,1.9374150270894404,19.32150650024414,1
139.63667497388707,1.887889419218829,1.6317008532361204,20.32303047180176,1
139.2066238471215,0.7388111135421068,1.096025759612452,20.344982147216797,1
138.56594714139123,2.0852109660149964,1.6269354072975752,21.43739128112793,1
140.2495723855592,0.8452294359547238,1.8292024691160151,21.081274032592773,1
138.32871999999998,0.75162281,1.266383409500122,21.671600341796875,1
139.5613728531884,1.6547022712373227,1.2114144333016428,18.612937927246097,1
139.067963717943,0.6802742977875069,1.0737622611879991,19.21536445617676,1
138.892636324339,0.5571569711501758,1.2133868979476887,18.460649490356445,1
138.47316,0.78446161,1.7447434663772583,22.15449905395508,1
138.4482031666788,1.176480645241844,1.4891547077125111,21.454526901245117,1
139.79989794975828,0.3074499294213418,1.7930316777332425,20.68205451965332,1
138.89264000000003,0.55715713,1.2152094841003418,19.288299560546875,1
139.2946747951092,1.2620397514721955,1.671072136550939,17.66515350341797,1
138.98636999999997,1.6204419,1.0483274459838867,20.293991088867188,1
138.56851,0.68634912,1.9491268396377563,21.63157844543457,1
139.99327897538936,1.3863798166419865,1.4799460081066822,19.808910369873047,1
139.86071082855526,0.3939345364457554,1.5494606817384111,20.38928604125977,1
138.39270949935928,1.5287664232782092,1.1239820952418338,17.927791595458984,1
139.25393494020446,0.3741329233393593,1.590580908633951,20.186668395996097,1
140.25964,1.3244882,1.4056975841522217,20.96412467956543,1
139.29147554855462,1.855085935365856,1.1768856974271626,20.87022399902344,1
138.89862,1.6457024,1.6193890571594238,20.651365280151367,1
139.29467,1.2620398,1.6659718751907349,17.79648208618164,1
138.26306770025678,0.7292830237129858,1.7511402275373071,18.070222854614254,1
139.46117635252406,1.2595836482107512,1.0123119659284718,18.281953811645508,1
138.846738457019,1.4151098945108596,1.8093116108843417,20.592294692993164,1
139.2662659844146,2.0947479836398837,1.8617984117789577,20.342628479003903,1
138.85125411998024,0.3424123669959691,1.9375515403887804,18.259136199951172,1
138.8398654265521,1.20170597155531,1.4687743081475473,18.560138702392575,1
139.1217418746221,1.633582985862973,1.1376202483997069,18.877779006958008,1
138.96551411593913,1.3167030133888398,1.9558090351396655,19.03895378112793,1
139.00240632266815,1.8789299554169605,1.1832318789660417,20.32596206665039,1
139.26814000000002,1.3706252,1.0496363639831543,22.183494567871097,1
139.2589252116432,0.540440351784777,1.7591840991482757,21.135374069213867,1
139.88530249583528,1.1992443541532722,1.509555060357699,21.249826431274418,1
138.19925883442303,1.3331645899873692,1.4912504302971328,18.52372932434082,1
140.0294297337705,1.3248081191868282,1.6498959990147344,21.56843376159668,1
138.892636324339,0.5571569711501758,1.2134401634927654,18.460649490356445,1
139.5512459317882,1.7434457386476985,1.030754725066371,19.180641174316406,1
138.9240266879721,2.087480863586979,1.3203151021568835,19.822734832763672,1
138.75206466004366,1.6504954713518407,1.154588686503784,21.518129348754883,1
138.86494,1.876535,1.9623230695724487,21.309757232666016,1
139.74248050699643,0.7803731500519974,1.8950075821709549,19.480480194091797,1
139.09536000000003,1.829712,1.26802396774292,22.400754928588867,1
139.2766865078664,2.0797268018042936,1.6219151081111411,22.02010726928711,1
139.26153745822052,0.3823869183534097,1.590201644166827,21.848024368286133,1
139.6216336484538,0.9822240123641216,1.3889978011707682,21.634695053100582,1
138.5261499985221,1.3901147850588171,1.3949457113889818,21.763437271118164,1
139.07260435931846,0.5286674432023537,1.290425233105217,22.026594161987305,1
139.94158471313352,0.99441318752021,1.903223001316211,22.880903244018555,1
138.77733183050788,1.7664221984088646,1.7842708134074343,21.89613151550293,1
139.23857094574777,0.1387572480788405,1.8705598982914995,22.938167572021484,1
138.85179439875665,0.6848415628178635,1.8785920777350391,22.471567153930664,1
138.51857024683682,0.8323456190473832,1.03865512320218,21.545608520507812,1
138.92060148051831,0.7631625306339438,1.5028843555798437,22.46491813659668,1
139.94446832609003,1.5187502755413005,1.734244260926726,20.27487564086914,1
139.21359023127323,1.888908911836652,1.8764232338806828,21.502641677856445,1
139.0043761929017,1.1923490503173677,1.9772003872709976,22.6788330078125,1
140.0173551648072,1.373660455163907,1.9365923665752407,20.09855842590332,1
139.2964547386014,1.2648916474076788,1.936593379812532,20.556739807128903,1
139.74727029952248,1.0654089091829473,1.4033920097872503,22.574148178100582,1
139.17583077034269,1.8929539153019952,1.4865209427883967,22.844064712524418,1
139.78968340785897,1.433121456949781,1.3878450116164265,19.82581901550293,1
139.5185510375944,1.1351933146685396,1.678273333155704,21.03066062927246,1
138.8527943988552,0.3185725849732046,1.138853002325647,21.88047981262207,1
140.1246192813134,1.1316270785504636,1.166561246092078,22.447452545166016,1
138.26991345011896,1.3665106375945224,1.1352100492562809,21.7822265625,1
140.0309659538825,0.4693041474706448,1.0439443325936633,20.305877685546875,1
138.6826377617945,0.2523549393032661,1.5790867772247834,22.549585342407227,1
139.96305595153606,1.0110323176950418,1.5532439067376946,21.506563186645508,1
139.2592196808533,0.7645643440291451,1.8099266449073008,21.543249130249023,1
138.79069114247102,0.4892575110135788,1.0388492275170813,22.458555221557617,1
139.3488223856642,0.3989883587351004,1.279697858644133,21.881826400756836,1
139.23435218058523,0.8883831889926441,1.780509914654798,22.73311233520508,1
138.41774990935474,0.9356477548093992,1.2117621990805896,22.380857467651367,1
138.72017703224856,0.3971038246412653,1.3856764473468623,21.042360305786133,1
139.4726675107703,1.3712872128454376,1.66897722073673,21.711402893066406,1
140.10365931790312,0.8519190927705242,1.0690161520849533,22.366724014282227,1
138.4304637746279,1.570084137508086,1.4748104713987176,22.217025756835938,1
139.68716767996278,1.2828118553364884,1.8477477449337905,21.06243324279785,1
139.73927040921214,0.7303880384107833,1.699762270275945,21.604127883911133,1
139.44444409400376,0.7891650991233201,1.5436266240386105,19.809406280517575,1
138.64548768190855,1.3375898728744742,1.7897506360500026,20.911775588989254,1
140.13853830759138,0.6419838333040871,1.2105149980023324,21.997974395751953,1
139.20864299884005,0.7088399008395302,1.3782370877612338,22.01116180419922,1
139.23825653410847,0.7520776052014536,1.53359364587958,21.99370574951172,1
139.86508042203553,1.7675425952410824,1.274753112206166,20.144813537597656,1
138.65667340180562,0.4685617611118766,1.6877194074174566,22.655366897583008,1
138.8912371543788,1.5759517982123223,1.3828503679223996,20.65832138061523,1
139.51995,2.0829291,1.7944533824920654,0.0,1
139.22717988313724,0.2256823211125325,1.979634797255396,20.56084251403809,1
138.7700054905038,0.4079262316360745,1.6627676993851903,20.423572540283203,1
138.87570821109946,0.8564594433090318,1.5819454788638831,20.456100463867188,1
139.48664985783125,0.4270492747795517,1.7063321684703006,21.255619049072266,1
138.32396,0.69356131,1.0646933317184448,21.94650077819824,1
138.74092690243293,1.3511037228284128,1.2807763768860898,20.10457992553711,1
139.1587054305388,1.4979813224057508,1.3825251725165963,20.379131317138672,1
139.6145952977118,2.049110443548044,1.7624230457331718,23.766807556152344,1
139.12538453659369,1.5986935094086507,1.7224977758522293,19.68811416625977,1
140.203922401944,1.075817989377496,1.2913211735643195,20.67314910888672,1
140.05843567282778,1.4584103648773568,1.4101691991889596,21.2135066986084,1
138.96390921700385,1.6015230770665785,1.4626514179564745,21.307323455810547,1
139.08625,2.2034138,1.408201813697815,21.630870819091797,1
139.95575501620525,0.7007840560538993,1.947738338153341,21.948673248291016,1
140.26414221600493,0.9050135139398664,1.0253432549164248,21.60430908203125,1
139.10871394256787,1.855862523144084,1.8671640150478457,20.881017684936523,1
139.03151000000005,0.49774954,1.3618117570877075,21.091699600219727,1
138.545736969811,0.2855956661817289,1.5467303783638149,22.296680450439453,1
138.7406665891086,0.5096008176370043,1.255178178788206,22.626436233520508,1
138.42270984737726,1.003915701280695,1.73850685054804,22.294801712036133,1
139.24806472289166,2.0296331856288754,1.4858443871402345,21.248136520385746,1
139.16039798049317,1.7859311961865192,1.39150472289972,20.30198097229004,1
140.11364148703476,0.8730137021762562,1.906013058151676,21.486120223999023,1
139.9953471449622,0.690026095610248,1.0593749306966531,21.64188766479492,1
139.70218479980585,1.8095432987423148,1.700730584349755,21.262012481689453,1
138.69466166481885,0.8318957259896007,1.5292277750434538,22.822256088256836,1
139.56175136824547,1.7027675249947234,1.0030829239084629,21.355731964111328,1
138.6348576195299,1.7525155045825007,1.470960153600258,21.72620010375977,1
138.99724625299817,0.1934345737046156,1.9566607153892748,22.028573989868164,1
139.52396013397453,1.933155547564655,1.7912922132279356,19.89215087890625,1
138.2169359248607,1.6770998793055183,1.3578379944234042,19.258373260498047,1
139.05846609745464,0.6013487714052754,1.5381204231600527,21.239368438720703,1
138.67913,0.4431496,1.9392820596694944,20.813800811767575,1
139.2926036255126,1.6936665459162203,1.763226807518067,22.525054931640625,1
139.34170044195807,1.646518429284541,1.4781322175528455,20.31597137451172,1
139.22153679515466,0.6762854241493633,1.8309699048321095,22.827173233032227,1
139.6345233367838,0.4436945047848029,1.074472775412689,21.594074249267575,1
139.5806228177477,1.06145446005239,1.3750491707070829,22.42859268188477,1
138.71185656450723,1.305850442294631,1.0826173913994357,21.280248641967773,1
138.72692857445475,1.2842974048887774,1.8745770245898865,23.18118667602539,1
138.6163539157476,1.5880431972859754,1.6271655281381758,22.349302291870117,1
139.45847443433817,1.7678372718011743,1.484922090387046,18.18819046020508,1
138.5425666176338,0.6770405860621993,1.6477557154548257,21.237693786621097,1
139.27714808756392,0.8294528856576133,1.5792970312300143,22.119131088256836,1
138.97909943467727,0.3549337405628345,1.2760025396181618,21.072765350341797,1
138.98644043331865,1.0562304513988892,1.326764893114728,21.033336639404297,1
139.4572335089265,1.626032649011542,1.1389229425929792,21.179439544677734,1
138.81778488169698,1.4726360977007318,1.3886564342140462,22.583433151245117,1
140.0778452242131,1.1464406601605337,1.832380925264572,21.433277130126953,1
139.19496112350615,2.025913102985285,1.7296576173876632,22.971254348754883,1
139.67249425725973,0.5596877532967007,1.4145925158166888,22.035547256469727,1
139.292364823357,0.6859232191400731,1.9473204145421297,20.81764793395996,1
139.93212608554794,0.5246613242981762,1.9474594051299352,21.281455993652344,1
138.91771374307794,1.6307402688756905,1.8955615183079888,22.702741622924805,1
138.66144664776212,1.9500246648301507,1.8748452507493856,21.343364715576172,1
139.1787921286985,1.525549986904945,1.6483535350458112,21.059139251708984,1
139.10468531566409,0.0638862039239507,1.8786458254335368,22.972808837890625,1
138.22425095715903,1.2347214566122109,1.1562928207617114,21.26132583618164,1
139.92684214230758,0.7310316887585835,1.365036909345206,22.651277542114254,1
139.03150540711016,0.497749776710778,1.3612147091558326,20.264663696289062,1
139.5841005772067,0.8205662913088482,1.5865085356742707,22.630495071411133,1
138.88487087656426,1.7936533866876143,1.9388565880318192,22.908353805541992,1
139.8306255211946,0.4140849636375909,1.3918679459407082,22.43950653076172,1
138.13449066944608,1.2292603113248373,1.3230967441995594,21.564224243164062,1
138.94899019980625,1.7642880236443643,1.926158421699247,20.991024017333984,1
138.6486247800863,0.4469641862199037,1.8677067503803424,21.396997451782227,1
140.1580117129338,1.6211017024291363,1.693589292009679,22.01378059387207,1
139.66725701945575,1.5168179146362022,1.804070320268393,22.69207000732422,1
138.75229943703863,1.9998952214023484,1.158281724173713,21.47222137451172,1
139.9507745215604,0.3451944250752138,1.8522987795032548,23.594757080078125,1
139.16328293779202,0.5565829072796347,1.1973198718201483,22.256406784057617,1
139.1276906051608,1.79102970429582,1.715252292525954,20.649560928344727,1
139.46212209408458,1.337860914295235,1.6423124526083157,22.58549118041992,1
138.5944963473388,1.85355036171926,1.81084918408413,22.04913330078125,1
139.85746971651238,1.6157474663336375,1.01504959090793,22.3273868560791,1
139.3428342403772,2.144449841882816,1.7074817042576085,21.897682189941406,1
139.0350726071405,1.508952217753149,1.0568707909921484,20.680490493774418,1
138.71807207406144,1.5940273784189647,1.838855977215475,20.310222625732425,1
138.30589766838708,1.25190257349314,1.2072588268376696,22.111249923706055,1
139.17756310730567,1.570400079604484,1.7706202752880964,22.487693786621097,1
139.0151919680967,1.9444926903640352,1.0320449318778329,20.986669540405273,1
139.7834338761086,1.7997651132133667,1.438769091943111,21.26990509033203,1
139.5501132143725,0.6535630834087942,1.200624376154525,20.924644470214844,1
138.35781765100694,1.3927298165178548,1.5280884781525816,22.41929817199707,1
138.77796774467689,0.4969687847699321,1.0041992332369232,20.458179473876953,1
139.3866570585726,0.1594665088842159,1.9489240363759277,21.47103500366211,1
140.21587860385105,1.299805578778458,1.9377588070595535,21.599382400512695,1
138.92903766070023,1.6528402108708302,1.5836468279941522,21.984296798706055,1
139.00591590761442,1.2488417119893722,1.2171490682623065,22.824678421020508,1
138.6791284263546,0.4431509575025949,1.936988734736576,19.992366790771484,1
138.33086706725493,0.5398053175857181,1.4041473252182688,22.241846084594727,1
139.22539719491323,0.6572534932752336,1.8687377626502473,22.028078079223633,1
139.1436341080573,0.4058975526464835,1.190465123199452,21.578046798706055,1
139.3745263090779,1.332899491273573,1.901233411903608,22.04214859008789,1
138.48825053067532,0.5205775080022961,1.4827156647928448,20.936721801757812,1
139.0685996494787,2.11315789655415,1.5774810503505063,22.66271591186523,1
139.63155826313275,1.003144644128655,1.4069639562433245,20.720643997192383,1
140.03366713082215,1.7979386056525888,1.3413992592591126,21.657611846923828,1
139.75852842219987,1.8910570908613693,2.0213379672817355,19.50380516052246,1
139.33019266379813,1.575856824485142,2.0795028127394923,19.365055084228516,1
138.54963731048326,1.8173682639744504,0.4569276164434237,18.96202087402344,1
138.45551999999998,0.9110282,0.8301030397415161,22.431800842285156,1
139.4107175895405,0.4673221074479614,0.3451403216078538,20.987838745117188,1
139.6485284156329,0.2419200447634218,0.5087973275768373,19.54852294921875,1
138.24253003041747,1.7492079403018137,2.431216327456564,21.676448822021484,1
138.4088807814226,0.9761306739263388,0.7538652237184297,21.04543113708496,1
138.19218999999998,1.1818845,0.6706150770187378,19.603065490722656,1
139.81958930803967,1.751331775601876,0.4505008620790028,19.969507217407227,1
138.8009729035449,1.570026554151174,0.4564300695907562,20.49980354309082,1
139.1432520940482,1.8745404074984375,0.2023651785165903,18.696983337402344,1
139.01865399887745,2.245246529690511,0.4334221790712636,20.02330780029297,1
139.267605277276,1.0668238324488182,2.061365905894226,21.71462631225586,1
138.38752041194277,1.4016472639382975,0.7109877163027051,19.397214889526367,1
138.41359147140815,0.8727425531063842,0.4050908109338071,18.9586238861084,1
139.43032631434318,1.515007337188753,0.8516594688182826,20.552021026611328,1
138.12683000000004,1.2299653,0.835023045539856,21.282854080200195,1
139.05546000000004,2.257775,0.7327708601951599,20.8723087310791,1
139.74401030881933,2.014044784317157,0.601151340391751,19.80710792541504,1
138.65571364292873,1.4398494190981288,0.1874143690448158,17.338268280029297,1
139.6485284156329,0.2419200447634218,0.508720058980933,19.54852294921875,1
139.33902999999998,1.9133694,2.160825729370117,19.9504337310791,1
138.85216317134206,1.992947272526505,0.2742995710366524,19.789215087890625,1
138.54417999999998,0.6053011,0.8544410467147827,20.016447067260746,1
139.27213986549145,1.8664757510634589,0.7228350982725582,21.046375274658203,1
138.36037508366212,0.5681515477029195,0.6740832912049499,22.205486297607425,1
139.3645989521149,1.460981048278648,0.952361825466759,20.25946807861328,1
139.68757,1.1236248,0.9304226040840148,22.58857536315918,1
140.00143000000003,1.7605976,0.8415162563323975,21.17610740661621,1
138.95033429928907,1.7409148745534615,0.9237999883199376,21.92517852783203,1
138.58393999999998,1.5759998,0.2805851399898529,20.00733184814453,1
138.47982796317314,0.4120726428396359,0.6741832908029611,19.25005340576172,1
139.2458058176506,1.4346681245530175,0.5608949243422015,20.14479637145996,1
139.08944525092997,1.0042955586277051,2.1865387571522774,18.751924514770508,1
139.92647,1.2220557,2.2270946502685547,19.90372657775879,1
138.13170447649034,1.1598878016513294,2.3977476161933486,19.3044376373291,1
139.65332536221302,0.30367858172389,0.982910035463514,18.994321823120117,1
139.02571999999998,1.3903303,2.0478127002716064,21.93482780456543,1
139.11756318143398,1.5552118744838743,2.095042452355582,18.814170837402344,1
139.2263177714569,1.6143771364189636,0.9113358248279234,20.048425674438477,1
138.80097,1.5700265,0.455971896648407,20.53622817993164,1
138.509103356719,0.5736964072459231,2.2835841833028216,21.16219139099121,1
139.24766,0.037800287,0.4447270929813385,21.920499801635746,1
139.81228,1.3572948,0.8151460289955139,21.127336502075195,1
139.64853,0.24192003,0.5083888173103333,20.361501693725582,1
140.26359397489944,1.1623220495924111,2.066413769479289,22.035945892333984,1
139.48074339234986,0.517499868524356,0.7321928171320543,18.708330154418945,1
139.6373050980895,1.087731378335716,0.933732045931863,21.275367736816406,1
139.48485,0.43374331,0.7659758925437927,20.265899658203125,1
138.1954447614387,0.7563875539621573,0.8317533320905774,20.914043426513672,1
139.26761,1.0668243,2.0614519119262695,21.034982681274418,1
139.94984387660384,1.327487088205236,0.99378078887219,20.86528587341309,1
139.32792,0.064177447,0.7489273548126221,21.17770004272461,1
138.12678,1.2299648,0.835663914680481,21.282854080200195,1
139.15648,0.79279506,3.7292346954345703,19.77078437805176,1
139.74906,1.6873115,0.6926993727684021,20.08623313903809,1
139.32957,1.5103816,0.3747530579566955,21.240123748779297,1
140.17897436581708,1.7012822964468723,2.052576791138976,21.952991485595703,1
139.8420731827268,2.0332587229235095,0.92950048632488,20.271745681762695,1
138.56010297494458,1.3450881579303209,2.7512218151846835,21.991474151611328,1
138.7523,0.54486094,0.3313170969486236,20.703590393066406,1
140.22835558751294,1.324359938542785,2.653564984163076,19.64229393005371,1
138.54474175651174,1.9025167272098036,3.13192421516724,19.09779930114746,1
139.43628588557726,0.9577101815647532,2.615723545101117,22.17356300354004,1
139.484847229385,0.4337432844962209,0.7655453256610962,19.439464569091797,1
140.2111862411229,0.8514566984696065,2.189863667581858,22.14446449279785,1
138.97839999999997,0.095600449,2.6361324787139893,20.253599166870117,1
138.7896267515009,2.1285554505172386,0.387587443433479,19.44298553466797,1
139.3777396084878,2.029478576238146,0.9214678652950742,21.38807678222656,1
138.54417,0.60531963,0.8544206619262695,20.016447067260746,1
138.58145559277506,1.4588602451774957,0.8976803149541728,20.678619384765625,1
139.7670074988389,1.6023679267907178,0.9111705473159288,21.394990921020508,1
138.96539600472852,0.1203638328383137,3.0699551086007575,20.419883728027344,1
138.12683147020718,1.2299648567924657,0.8359452309803205,21.07263565063477,1
138.45574999999997,1.4469995,0.7916483879089355,21.58139991760254,1
138.24048190690837,0.9373381720390256,0.7969257807768869,21.37091064453125,1
139.51723768778857,2.058675930077919,2.652783724835141,19.940109252929688,1
139.10909441004222,0.4788677110809753,2.3880098060014148,20.52134895324707,1
138.5186531042768,1.073275211103684,2.6207814120698787,21.254152297973633,1
140.25975,1.1971653,0.8285417556762695,22.141923904418945,1
139.3709724245798,0.5776774977434969,2.104462826900573,21.809974670410156,1
139.37482206737775,0.3751686713590505,2.2669110195815794,20.5178165435791,1
139.93207,1.1412352,0.7650925517082214,19.68425941467285,1
139.46050000000002,0.40431552,2.398918628692627,21.977399826049805,1
138.35998,0.79354615,2.16068959236145,19.423152923583984,1
139.74905632116875,1.6873115169552455,0.6930856857378438,20.024503707885746,1
139.81878659231143,1.5065227340863852,2.355122003385702,22.46556854248047,1
139.9467518847174,0.9734288316700306,2.796391598882745,20.409412384033203,1
139.46629659501662,0.0860212496199778,0.9651456323220776,20.820117950439453,1
138.58357999999998,1.6299331,0.1651432067155838,18.18809509277344,1
138.746046601967,1.4420352300836774,0.1982200507410733,16.767078399658203,1
138.73136,2.090894,0.5456074476242065,21.185476303100582,1
138.80331,0.30688078,0.3103159368038177,19.454099655151367,1
139.49455,0.96079517,0.7759045958518982,20.948955535888672,1
139.01865399887745,2.245246529690511,0.4335889322876439,20.02330780029297,1
139.50963000000002,1.7694837,0.8087387084960938,21.88835906982422,1
139.9637427625573,0.9819410412915816,2.1198086692529348,19.781070709228516,1
138.18650709747195,1.2735181301041596,4.116346290201172,20.032958984375,1
138.80331,0.30688078,0.3097458183765411,19.454099655151367,1
139.68262113318983,1.515740186160628,0.2036836940101298,18.449480056762695,1
139.84042,1.5463755,0.8465598225593567,20.543750762939453,1
139.3228654341976,1.4864480547511658,2.962043729108129,20.572826385498047,1
139.21175142466885,2.148458282316248,0.5833263097311587,20.303579330444336,1
140.17694,1.3941892,2.476632833480835,20.291580200195312,1
139.77984157057767,1.3461346824787583,0.2873375247234915,18.446128845214844,1
138.80819681385142,1.7320408743024496,0.2028896710170486,18.418981552124023,1
139.7231930595251,1.113043386160642,0.7790965724780756,20.63457489013672,1
140.1903659008062,0.7225721712247247,2.2234038678018586,20.023548126220703,1
139.05699228179105,1.975594191143645,2.92182951804137,20.072935104370117,1
140.1176603524352,1.7511773641044888,2.3151243357312827,21.47197532653809,1
138.89408193456617,1.495940175536287,0.9043542745774932,20.871713638305664,1
138.8582881505588,1.785576838858553,3.0400314740630434,21.245634078979492,1
138.96265,1.7779774,0.5459614396095276,21.362287521362305,1
138.96265,1.7779824,0.5459159016609192,21.362287521362305,1
138.58699,0.73655534,0.3596726953983307,20.480470657348633,1
139.80865,1.6265208,0.9553697109222412,20.93396377563477,1
138.97839961023956,0.0956012513091084,2.6219500968849507,19.428735733032227,1
139.4604979716024,0.4043154038373109,2.396767607906208,21.150312423706055,1
139.7142,1.9931273,0.4288558959960937,21.968544006347656,1
138.65852252602215,0.2766634326145352,0.6718173668766984,19.25840187072754,1
138.39148113693523,1.3624533780262522,0.805059338608738,20.469459533691406,1
140.0189487737266,1.3326497711045673,2.191644691377883,21.2946720123291,1
139.43547999999998,1.9926087,0.8404238224029541,23.06180000305176,1
139.1424,0.49021744,0.9095625281333924,21.7824764251709,1
140.23184557875135,1.232106247335249,0.1568065142857033,17.67164421081543,1
138.74906,1.4111759,2.200061798095703,20.57873153686523,1
140.17694386318814,1.3941892488666252,2.475377385824911,20.204437255859375,1
139.64207999999996,0.34833943,0.2923763990402221,20.496990203857425,1
138.71717999999998,0.55684111,0.7206152081489563,21.01714134216309,1
140.30939999999998,1.0101454,0.6563422083854675,20.77306365966797,1
138.4452234582434,1.714998140801538,0.9884480429797928,21.098922729492188,1
139.3162007266542,2.034451719238052,0.4691363417576845,19.34476852416992,1
138.3599765730944,0.7935461681701736,2.158799500828088,19.79595184326172,1
139.29453,1.1672997,0.5998124480247498,19.618906021118164,1
139.10204364154515,0.6652270814063834,0.3202107533972037,19.894880294799805,1
139.74027999999998,1.0097026,0.4609225392341614,21.420820236206055,1
140.18611868798337,1.2653670232309226,2.060165585219293,19.53819274902344,1
139.11756318143398,1.5552118744838743,2.093264576800864,18.814170837402344,1
139.74905632116875,1.6873115169552455,0.6930277558743768,20.024503707885746,1
139.13446685421565,1.4058232251622815,0.7990910493639901,20.88154983520508,1
138.40431999999998,1.8584545,0.1897550076246261,20.863000869750977,1
138.7168211823635,1.4157609649875824,0.7298308838190735,21.30328369140625,1
138.31939,1.7535499,0.5037163496017456,20.543224334716797,1
139.29606695856347,1.208817806814081,0.9950773245105148,20.28550910949707,1
139.5609934318815,1.9351633196070352,2.145661408141712,20.69314193725586,1
139.3136884252099,1.8854874642534656,0.4134903229674587,19.31913948059082,1
138.84831529098187,1.7230450238072494,0.4929986568370477,20.05559539794922,1
139.33902999999998,1.913386,2.1732187271118164,19.9504337310791,1
139.66978700187155,0.8139569087529629,2.3322457539164283,21.78730010986328,1
138.24048,0.93733835,0.7952420115470886,20.48259925842285,1
138.76173,1.1900381,0.5931810736656189,22.446699142456055,1
139.3795112959389,0.6386793396862906,0.6602914845461966,19.809389114379883,1
138.71681999999998,1.4157615,0.7297800183296204,20.8011417388916,1
138.65852,0.27666333,0.6720678806304932,20.07990074157715,1
138.98576079969212,2.074728172050235,2.602917074209208,20.071475982666016,1
139.8389085700069,0.2561487615387431,0.3341623029022364,19.06568717956543,1
139.03304701645587,0.6325789532604063,0.956728136916623,19.635011672973633,1
140.13617023719573,1.0547364279973626,0.2608299020683733,19.234764099121097,1
138.45661333858882,1.5467212712710197,0.9759261082273378,21.433338165283203,1
139.58514360332657,1.3344443015134309,0.6018380193536231,20.20185279846191,1
138.34658000000002,0.68826749,0.7870590090751648,22.466400146484375,1
138.88495,1.8719167,0.7762963771820068,22.523500442504883,1
139.8404204429779,1.5463758326978685,0.8470129112857042,20.933677673339844,1
140.3094034949999,1.0101455871030007,0.6569632043869301,20.621801376342773,1
139.68935636716083,0.1972818992131044,0.7030648586117498,20.285181045532227,1
139.81958930803967,1.751331775601876,0.4505057329185561,19.969507217407227,1
139.92646840269643,1.2220556566928795,2.2391010461129817,20.118175506591797,1
139.31371,1.2533869,0.6621552109718323,21.713014602661133,1
139.88061284297055,1.2578840426525464,2.3822039909153476,21.875864028930664,1
139.15917366487196,1.5325338843020602,0.7667544571242009,20.306123733520508,1
139.45721000000003,1.9770953,0.4880220890045166,20.020280838012695,1
139.24581,1.4346681,0.5605948567390442,20.410608291625977,1
139.39072954608025,0.9263373722508688,0.9380320071857235,21.344970703125,1
139.44888000000003,0.26908072,0.8159054517745972,23.210054397583008,1
139.32286999999997,1.486448,2.9681174755096436,21.45634078979492,1
139.75920976082648,1.94176301107816,0.6964748625288718,20.9326114654541,1
138.71717999999998,0.5568438,0.7207715511322021,21.01714134216309,1
138.65138977289382,0.8237863459441546,0.8531521472035347,20.67753219604492,1
138.34658000000002,0.68826749,0.7869754433631897,22.466400146484375,1
139.71302375787016,0.209383280981519,2.2356834945779394,20.404172897338867,1
140.00706356743785,1.3968939659564923,2.133108252475438,20.302688598632812,1
138.1921936368895,1.181884537666286,0.6710182729151796,20.0715389251709,1
138.96202722457707,0.8666392885363765,0.6325562045424598,20.99468040466309,1
139.21073148799815,2.165148642218982,0.8026019818368451,20.40100860595703,1
140.19372999999996,1.4250971,2.256260871887207,22.450719833374023,1
138.72303,1.1402541,2.16634202003479,21.80634307861328,1
138.13170000000002,1.1598878,2.3995614051818848,19.206457138061523,1
138.50316850887938,1.3863994721702555,3.0887128172004723,19.65370178222656,1
139.32792,0.064177447,0.7488311529159546,21.17770004272461,1
138.61295,1.4775233,0.5426180362701416,20.400955200195312,1
138.43303000000003,0.70628467,2.5530660152435303,20.42434883117676,1
139.15648177678625,0.7927950524343053,3.7204110790367046,19.787532806396484,1
138.45659,1.5467136,0.9775697588920592,21.4101619720459,1
138.72301,1.1402947,2.1826703548431396,21.80634307861328,1
139.51583,0.77373785,0.4708817601203918,20.63711929321289,1
139.8277651477906,1.1857387884148238,0.4766312569830341,20.016881942749023,1
139.6074770915423,0.8495648399242779,0.0872632672397673,17.354265213012695,1
138.1813565287377,1.148309177251087,0.9532781056700882,21.673561096191406,1
139.08945,1.0042956,2.1978793144226074,18.742849349975582,1
138.7490585741879,1.4111758565750288,2.200027540319901,20.216381072998047,1
138.50317,1.3863995,3.0834367275238037,19.37811279296875,1
139.48074339234986,0.517499868524356,0.7321816207236996,18.708330154418945,1
140.1778584504369,0.9543694393574854,0.7288357867949579,20.473119735717773,1
139.57678506236974,1.8575599510415504,0.3526363666439325,18.78925323486328,1
138.69518908406977,1.3736874314712069,2.7292406561830713,20.312767028808594,1
138.54417,0.60531961,0.8540828227996826,20.016447067260746,1
139.76873815868953,0.8239978117643574,0.222686405991277,19.342485427856445,1
139.29452835740446,1.1672997394771951,0.5996684659270288,19.62145233154297,1
138.4330293299517,0.7062846500012234,2.550819289140736,20.67103385925293,1
138.9654,0.12036382,3.09208345413208,21.24880027770996,1
138.45470893590462,1.3866158953080845,0.4964795482073736,19.267967224121097,1
138.9663983399281,0.0915707039075795,0.907884723085667,21.580976486206055,1
139.10846279426733,2.023091290228862,0.135853619674204,19.03470230102539,1
139.02572396088274,1.3903310589223967,2.0456664678159435,22.135828018188477,1
138.32396039374777,0.6935602311885677,1.065121105443245,21.11820602416992,1
138.77336080451795,1.4601584225498296,2.4123444478426945,23.077396392822266,1
139.7814610931905,1.3209710712418978,0.8095994106467655,21.76470184326172,1
139.02368409126476,0.6320468172251023,2.8373470292774687,21.017902374267575,1
139.94095800166832,0.971173618809416,2.584877972084308,22.125028610229492,1
140.02047685022984,1.003523175867554,2.8297736298065583,18.85887336730957,1
139.3446856143346,1.8002054865316195,1.9977543734724197,21.31805419921875,1
139.5898268102365,0.8619442999697683,2.0295503417166976,21.23790168762207,1
138.64320809250145,1.1389063402169357,1.7334730233698523,21.155075073242188,1
139.3948622978656,1.463443966392166,2.157924914140215,21.835538864135746,1
139.62485297629232,1.2810687325481034,2.6141419024782095,22.093345642089844,1
139.7154234302988,1.2712415769600818,3.523649457745599,21.85384178161621,1
138.53322127057487,0.4977601323434025,0.5538846062277953,20.092369079589844,1
139.65429600292958,1.8359779659884992,1.062830111228962,19.61027717590332,1
140.2083928678861,0.9767151717385262,0.900486335128572,21.14609146118164,1
139.43433868219208,0.412033560928348,2.1773406469826915,22.48014259338379,1
139.62151322129984,0.281717862893505,1.7480434929697093,21.59946060180664,1
139.4235857677006,1.2957701957383236,2.63951162229239,22.746374130249023,1
138.89826000638877,1.267408963864886,0.5986539903632316,20.81711196899414,1
139.92228950554335,1.3384881782801898,2.423891020214216,21.759538650512695,1
139.84666394061205,1.3851504245297628,2.058264714815768,21.962440490722656,1
139.37766999999997,0.3381352,0.2219004929065704,21.3789005279541,1
139.91871373730885,0.9773659837376548,2.5027936044093657,23.34419631958008,1
139.84511236318838,1.6775087029844025,1.4052617207023872,21.99208641052246,1
139.40686160639314,1.8389861366712048,2.429722316974137,22.76137924194336,1
138.82172105785878,0.9164202670539844,2.204938868554056,21.61077880859375,1
138.56491,0.75086549,0.4784305393695831,21.95359992980957,1
138.74258929011987,0.344613472386963,0.4847735114813093,19.358304977416992,1
138.88350844580154,1.6706319821773736,1.4819182268008226,22.1785888671875,1
139.77128969510633,0.5479456161074651,1.153409618986794,19.834001541137695,1
138.2664097508694,1.3480574366690374,1.7443306694010283,21.636638641357425,1
139.48046518892636,1.543972340400893,2.377334029666622,21.372419357299805,1
139.49315806035486,1.2195628098662763,0.7009895695718349,21.18297004699707,1
138.10641577849242,1.3645851074164668,3.4401557588690723,20.822044372558594,1
139.86310849922387,1.638156966673523,0.3814813146000892,19.58869743347168,1
138.92396361833624,0.3858541506220712,2.2448087153894227,21.25035858154297,1
138.6230394103591,1.0507405643785863,2.1574898530263695,22.520078659057617,1
138.97648000000004,1.1680921,0.5018532276153564,22.37579917907715,1
139.20066569136867,0.0640758700447185,2.0442372419620254,22.180099487304688,1
139.96583213909463,0.4261759690366452,1.394619452626518,21.665626525878903,1
138.81417656394632,1.0819186969612145,2.015864646364949,21.954761505126953,1
138.8466477728971,1.3184366262426712,2.1413731409490753,22.006147384643555,1
138.72816349692673,2.0592112333588792,1.1885183199367164,21.196578979492188,1
139.40003880675476,1.7500463430360496,1.8995616347809952,21.6960506439209,1
139.62501690471737,1.363985513002661,3.059330430625101,22.123308181762695,1
139.379395622686,1.822518356480872,1.4835320957187366,21.064760208129883,1
140.19440665546503,0.6798815894756935,2.7520299203395204,21.056257247924805,1
138.73912144970546,1.6599234488903705,2.2523102130563672,20.864667892456055,1
138.5936378539886,0.3525960039055164,2.215987061184861,20.43213653564453,1
139.98156,1.5502651,0.4530843794345855,21.943500518798828,1
139.0354659065385,0.4434685340542519,1.32707151386454,21.045392990112305,1
138.44619537631507,0.9459884260094698,1.6198897335028584,21.18781280517578,1
138.84280433081528,1.977767021521738,2.1319284395604905,22.6201171875,1
139.79488493659852,1.7845023873084809,1.8870139929174876,21.460208892822266,1
138.56930999999997,1.5708254,0.2801761329174042,21.172199249267575,1
138.36308946263733,1.1969290337874658,0.5569260586710225,17.834789276123047,1
139.1024410203807,0.6748376465406637,0.717043034894234,21.733320236206055,1
139.77300000000002,1.8116892,0.6746102571487427,20.19071388244629,1
140.1930069770408,1.047620989221918,1.1639267915980462,22.01618194580078,1
139.1947153482576,0.2144830756237263,1.2045631335549527,20.706295013427734,1
139.34899199648098,1.927354874919602,2.5883943336334907,21.61984634399414,1
138.73982,0.58029839,1.2683303356170654,20.350799560546875,1
138.68702512981412,2.0605061090693826,4.4033569080170425,20.346479415893555,1
139.2120757890413,1.280777702819494,0.3363102858239806,19.988027572631836,1
138.1797196405039,1.337084815498634,0.5413336100555125,19.208890914916992,1
139.56804820012746,0.8777651201985709,3.639587794507674,21.89033317565918,1
139.26044629303578,2.21015225847381,2.095639469213164,22.72410774230957,1
138.96096343497365,1.025828730582299,2.990911225387893,21.763011932373047,1
139.68598258288193,2.1672283519647895,1.9410573427478344,23.05711555480957,1
139.3360258781741,0.7197644313901636,2.015029807740652,20.589284896850582,1
140.1382077412124,1.6901795207021009,1.7167666812416822,22.378387451171875,1
138.43063406969225,1.429853047291352,2.4449329718108523,22.01483154296875,1
140.04757288507386,1.1005067433890894,0.3956946108456616,20.44431495666504,1
139.56012832300274,0.1929207498313641,0.8327459023153059,20.468917846679688,1
139.0160597927131,0.1566882948613071,2.298250804835637,22.45804977416992,1
139.9341507557852,1.5535815444452927,3.1593843538313027,20.94778060913086,1
139.54989534785676,0.9362297748119994,2.022818071666536,23.4388484954834,1
138.3481782713834,0.5819479782413826,2.5670547422180134,20.95509910583496,1
139.70029958519103,1.2583653600695843,1.6451008140487962,21.64764404296875,1
139.3935164803832,1.491714436894247,1.613140172052858,21.23121452331543,1
138.85859526884224,1.3351629986115126,2.1377562130689354,23.429481506347656,1
139.85785679248906,0.2852237751228645,1.8484488323890496,22.674409866333008,1
138.73930672449762,1.865717223533395,2.253525069749971,21.692401885986328,1
138.60141428359609,1.6289055774036325,2.0151487659986618,22.37984848022461,1
139.32743169304996,0.2325255624602931,2.738562473211147,20.773452758789062,1
139.23442,0.55049151,0.3099672198295593,21.17919921875,1
138.40786715360602,1.192871523501964,0.291310565001032,19.046113967895508,1
138.9364024804925,0.875644538076247,1.2233918853000836,21.493623733520508,1
139.77278873672623,0.5457462190143078,2.1464522528112915,23.02748680114746,1
138.4950580801598,1.3141299993545503,2.8760526941116233,22.119245529174805,1
139.71918704013336,2.0898286496227345,2.301835771648169,22.375972747802734,1
139.63968999999997,1.79963,3.50203275680542,22.731821060180664,1
139.65722826535776,1.4798855346130562,2.633031667314458,21.23920440673828,1
139.144870580398,1.0363926475744007,2.310561567387587,22.044801712036133,1
139.87463441034487,1.140961559943194,1.4294405969679904,21.726537704467773,1
140.162827644452,1.1333226894827595,2.448523060388432,22.947803497314453,1
138.2082638775251,1.3687554343999653,2.4692736855463684,21.138011932373047,1
139.94467083449413,1.3821424961267383,1.588442054346927,20.31993865966797,1
140.02390796045609,1.1697567226744574,1.606330765246064,20.94879913330078,1
139.6337136803104,1.488104073557105,1.175614242595238,21.5023193359375,1
140.1534077103576,0.6425770423178785,0.865565751721601,21.091726303100582,1
140.0779577145619,0.4814117313785124,1.2758958012770345,20.461742401123047,1
138.62124349417277,2.0629767354561097,2.857160045204272,22.13699531555176,1
139.96476555577982,0.7254633300547899,1.8969777738692697,21.70657539367676,1
139.1246890088319,0.7590760314086193,2.078360517523898,20.678089141845703,1
140.28604860909238,1.0369282994460742,1.1646496701194848,23.48057746887207,2
139.79829416017716,1.9939606735475408,0.2010680013335871,19.013507843017575,2
138.55364797607845,0.6011646669589039,0.5642209931784256,23.665266036987305,2
140.05597525424855,1.4685497792893485,0.0864348985295537,19.36509132385254,2
138.1597772871827,1.101510296067948,0.8541167406519269,22.516334533691406,2
140.17300817948717,1.0507166334155664,0.8294635864667259,22.724580764770508,2
139.9929614854062,1.2342915838470014,0.5484095478494059,22.419944763183594,2
138.46534009148914,1.0241552328175367,0.80336830186593,22.456581115722656,2
138.24872824585808,1.4436985742033448,1.5431172378500242,22.506969451904297,2
139.02237543560307,1.2688100882160678,1.0780574803561584,23.116928100585938,2
140.24314587736586,1.2696861760991274,0.7411542413241147,22.466411590576172,2
138.82755918313538,0.4122789619665863,0.3066177802277968,18.704431533813477,2
138.583751669017,1.7849544280659857,0.2828252324082635,21.04617500305176,2
139.36894223007562,0.2559535952019225,0.3837742020416432,19.92792510986328,2
139.59618266359166,2.075388330738218,0.3121145188860636,19.721275329589844,2
139.33939870212586,0.874538428982121,0.9716024303142972,23.200593948364254,2
138.32428128332165,1.2420578070850192,1.0807442846544288,23.67046356201172,2
139.34503718878705,0.8539426256839319,0.0880542980389262,20.67899513244629,2
139.40380702084778,2.137912633763005,1.4026584265989517,23.133834838867188,2
139.41470286419892,1.2262219013280409,0.52502908904239,21.06303024291992,2
139.3331282400137,2.1605201144729915,0.258105119329911,19.065418243408203,2
139.12599831750086,0.4610713149298315,0.2243652685318992,19.200279235839844,2
140.24420664448488,0.7717927681086216,0.2624423776885348,19.281414031982425,2
139.5237135373752,0.9801278488715864,0.3746079962978778,19.59126853942871,2
140.22449,1.5903274,0.5029444694519043,21.432130813598633,2
140.0054717976908,0.9405555315830986,1.0554753537433272,22.423622131347656,2
138.68875087116885,0.384314227300895,0.370642906173996,20.15633773803711,2
139.0160658845984,1.0281416788616098,0.9442053319106628,22.33970069885254,2
139.5321615619253,1.2143962808082482,0.552743682075121,20.054840087890625,2
139.0261006599361,0.091605837219307,0.3647243532347008,20.48215675354004,2
139.02986999999996,0.29323969,0.5345373749732971,21.52896499633789,2
139.5428228461865,0.0942494987811652,0.3280866503467891,19.91316795349121,2
138.9244257390957,1.7250301199040177,0.4904469202520151,19.634876251220703,2
138.90157824835853,1.0203296433378513,1.1283202411297824,23.244871139526367,2
139.84326577808227,0.5859331364959584,0.854063131056475,23.179771423339844,2
139.93255070263817,1.2154779559489264,0.8174457455836458,22.98281478881836,2
138.45552360626064,0.9110280561728004,0.8299644179543035,21.600505828857425,2
140.20102586494937,1.381955647960526,0.9535298297906736,22.130361557006836,2
139.77658540931947,1.4888820941258163,0.2513219944642095,19.237106323242188,2
138.46231381825197,0.4296867396109982,0.8131962071417657,22.51641082763672,2
139.18845399103355,0.1845928136649172,0.3603015814744593,19.33789825439453,2
138.50151014043138,1.168715796388459,1.3567645444797516,23.22765350341797,2
138.5386116312175,0.407064879466839,0.3692502131502896,19.319456100463867,2
138.25399815338432,0.6574896576221618,0.7223564573695644,21.831518173217773,2
139.94093434248853,0.6333429166959754,1.2176242402913475,23.56068992614746,2
139.23477751599484,2.044972354043758,0.3623589650904033,19.0737361907959,2
140.0202731102328,1.830349876504497,0.3041421386360559,19.448535919189453,2
138.9781850197557,1.251569649463627,1.0627297273792635,22.890625,2
138.34758022722622,0.7628657950464636,1.3450958026320572,22.8336238861084,2
139.8699323138349,1.409351381454039,0.9675655374200264,23.176860809326172,2
140.2537486571091,1.4053165123506144,0.5507773357996729,20.14311790466309,2
140.13840502154383,1.4539260500238191,0.9035678919427502,22.692047119140625,2
140.28124453587077,0.919864442671894,0.1416119116992034,19.33799743652344,2
138.80264191586727,0.762315598812795,0.8479566196633748,21.47626304626465,2
139.85296749733334,0.6867600048187672,1.5816168248064888,23.27066993713379,2
140.12374999999997,1.6158467,0.3804174363613128,21.624311447143555,2
138.57297501077326,1.8875634859158965,0.1532960624307403,18.654979705810547,2
140.0540361428998,1.166147456211495,0.2518367427040145,18.989240646362305,2
140.1445098405723,1.4904287345290446,0.4981112479998406,23.720611572265625,2
138.95147209259636,1.105158839772749,0.7212015909054968,22.696990966796875,2
139.47711000000004,0.6977366,0.5461322069168091,21.51279640197754,2
138.73710695565495,1.6020324467389957,0.3542130699690112,20.40199851989746,2
138.67816178005927,1.6604053745055671,0.3286144874441621,19.31191635131836,2
139.91131956678615,0.4840570606011907,0.8776341692629962,23.2679386138916,2
138.2553575148929,1.2492012395334784,1.0344932238607316,22.55315589904785,2
139.57438904679356,1.958929976782133,1.3939200754345795,22.369455337524418,2
139.06608622691,0.7709785578330055,0.2146108118145924,19.638782501220703,2
138.217164799093,1.2825590056112317,0.8031487112692648,22.24941062927246,2
138.463315526066,1.0193464884518126,0.5029035505710076,20.85740852355957,2
139.91391264141402,1.2072117242243805,0.3084187133490297,18.97800636291504,2
138.79111109527463,1.7071089567383675,0.2025849777871567,19.21865463256836,2
139.23881054698606,0.6534570368348539,1.5714130260581916,24.157102584838867,2
139.367486034799,0.0548960972041666,0.3304360401988125,19.366437911987305,2
138.60603422664644,1.9494194383550951,0.618609206274814,20.79467010498047,2
139.37445106825086,1.4193886556313982,0.6838109125260128,21.66005516052246,2
138.53503313827366,0.3442776039763704,0.7209676700346626,21.242168426513672,2
139.27469941552306,0.6921764826643981,0.5492026887070208,20.084680557250977,2
139.96794,0.85947253,0.4289531111717224,20.675230026245117,2
138.83929810218004,0.1105444721176742,0.5343490383416221,19.819299697875977,2
139.64435215132966,1.17892003955024,0.1655967167590183,19.463970184326172,2
139.40968117088255,1.1569487032330386,0.3733067652415126,18.76953125,2
140.09005861588955,0.8409074341085949,0.8202728955344839,23.034820556640625,2
138.92803775917298,1.6749796354472704,0.2508053366932388,20.043981552124023,2
139.38500542865367,0.2980745974177902,1.4747209542714457,23.80889892578125,2
139.11056304417565,1.8779835148127664,0.129960227612837,22.592012405395508,2
139.29401948916689,0.7679090089188955,0.306659839399197,19.3730411529541,2
139.21627,1.7016537,0.5499638319015503,21.211698532104492,2
138.61339961238014,0.302178916635759,0.2240619111637113,19.87004280090332,2
139.78635189231704,1.2022840206877772,1.2722096948123882,23.396373748779297,2
139.97282596989584,1.7982250663146295,0.4252683549673041,23.040027618408203,2
138.36143293493296,1.106047818506889,0.3029618488262161,19.30319595336914,2
138.75100056147062,1.003695242379359,0.2207707250433836,19.65538787841797,2
139.52153552720296,0.8298379314481074,0.37165813314957,19.502609252929688,2
139.2705024780341,1.1860325139042975,0.4199057359558835,19.831867218017575,2
139.43873506240712,0.7571257797376876,1.3857638788307212,22.875244140625,2
138.68267352702105,0.36589815484446,0.2745339868466431,18.38848304748535,2
139.28882140108516,1.0947550686360126,0.3757105088664944,17.999237060546875,2
138.08439135850307,1.3074734087835782,0.1038582328765164,19.73481559753418,2
138.5005324716714,0.843160127138621,1.567967555128694,23.383241653442383,2
138.83083132520227,1.6608742482926324,0.2485380641047803,19.579103469848633,2
139.54513900748884,0.3597477714436048,0.441049382422769,19.302717208862305,2
139.8115813777611,0.917853405526418,0.9803003467859672,23.504064559936523,2
138.40867806379774,0.5951138129621368,0.2440156850711444,18.964941024780273,2
140.19282161328834,1.0812387962919354,0.6930207785486898,21.432947158813477,2
139.20801467184577,1.5396915305365355,0.2107633530986875,20.189956665039062,2
138.78160878318184,0.3034536662442892,0.3824627337942103,18.91619110107422,2
138.7785796471341,0.8363943640246732,1.0410004689501864,21.393207550048828,2
138.94122273405375,1.2177353232078554,0.2250170001952802,19.236127853393555,2
138.55459599436202,0.9069367242853394,0.8473278186444488,21.89873695373535,2
139.08952910590298,1.1402380673246528,0.3618243991377212,20.006057739257812,2
140.06187821343192,1.852256853756143,1.1441124317902536,23.442821502685547,2
139.36231153351704,1.9471062308478284,0.2433471443849,19.133237838745117,2
139.63665245817748,0.9222073510609065,0.4513486029351391,18.94103622436523,2
138.55684101448657,0.4656309520944771,1.3550067412652391,22.540842056274418,2
139.55997576301257,1.002930336652932,1.0002139602378743,23.160852432250977,2
139.22151971221686,0.220817938744738,0.1942212026611836,19.426944732666016,2
138.0975154954623,1.1806839671488802,1.453536788399552,23.298791885375977,2
139.85930048590242,1.966338832153536,0.810267263016189,23.872953414916992,2
138.2537997758847,0.8922201097378568,0.3714969683714861,20.216806411743164,2
138.5441954363543,0.5351432024925159,0.1660315138998993,19.013486862182617,2
138.63269284675414,1.5645633820715996,0.1652448705645599,19.752761840820312,2
139.37658216984985,2.2455917481327345,1.5718096001161277,22.46929931640625,2
139.88158518285132,1.875133437146297,1.2550989984697818,23.11187744140625,2
138.63795,0.31866679,0.3004636764526367,21.37779998779297,2
139.13038655680444,1.2582557680963615,1.0424917520956165,23.410036087036133,2
139.67713142904117,1.9634186720000504,0.3789307189705758,19.393918991088867,2
138.86562786798228,1.441884600651703,0.9153695266396316,22.052915573120117,2
138.6622029945953,1.476288443640703,0.9687555048332092,23.0211238861084,2
139.1681414095893,0.1394169997234608,0.9080919724394286,23.0899658203125,2
138.9652285540924,1.3313544066659626,0.1306648929924877,22.419557571411133,2
139.39310146907394,1.6061315301704489,0.912985979486289,22.719797134399418,2
139.94375856201134,0.6950446807627644,0.7020553980312081,22.84529685974121,2
140.24576000000002,1.4486328,0.4916702806949615,21.19315528869629,2
140.2022696168435,0.7000066794281169,0.5280655567459069,20.09498405456543,2
139.20925436681057,1.5712404182892994,0.2109782136116497,18.739166259765625,2
138.53867554959348,0.4736375239621691,1.3519972785284216,23.624425888061523,2
139.9438524119456,1.2705933096870627,1.171144797786872,23.398725509643555,2
140.18475999999998,1.042421,0.8279481530189514,21.978317260742188,2
138.3657200623363,0.8411136346567698,0.7259898180527501,20.279924392700195,2
138.8959461803723,0.2643514368824087,1.2987238090216284,23.447021484375,2
139.62237008293758,1.3879380436329125,0.2115060192455186,19.986337661743164,2
139.07434707083573,1.9478794126487775,0.9172833229160235,22.321985244750977,2
138.19658724458864,0.8633053676869049,0.205383152160729,18.28336524963379,2
139.18124068825955,2.18259223664171,0.2718217607606484,20.016151428222656,2
138.80324980171812,1.3449002551173972,0.9025273121568156,21.009477615356445,2
138.63957198250927,0.9551179726101672,0.1976158695558824,18.46541404724121,2
138.36483028185805,0.5366516116994683,0.3101151235420619,19.509916305541992,2
138.91426380151958,1.6645212805013638,0.9352069946570712,22.674671173095703,2
139.14798228036284,2.2642423630039707,0.159037530483538,19.505788803100582,2
139.02688440003135,0.1915251243759287,0.1677160937477134,17.329416275024414,2
138.67644310970272,1.8018281993805056,0.2748292229868795,19.88138961791992,2
138.31834394978836,0.4546425782119587,0.3245056284682225,19.19076919555664,2
139.47879210268252,0.7367019944213753,0.1433589828821565,23.139728546142575,2
139.3309677383378,1.3016755025043156,0.3751375248908501,18.97100067138672,2
139.12314674523023,1.3985315336345825,0.8026111366473644,21.958803176879883,2
138.91348634852187,0.7403933133628571,1.4974722927662725,23.143980026245117,2
138.49959687527024,0.9107153198115256,0.6332278365358469,21.12074089050293,2
140.0378419041186,1.3587158105983828,0.4184714925353808,20.116147994995117,2
139.86064,1.8101062,0.5547578930854797,21.410369873046875,2
139.27897873952963,0.5368855203938958,1.499340854214646,23.34507179260254,2
138.8016369389871,1.1131043426760068,1.1266337317356483,23.26792907714844,2
139.16247256418237,0.1227291724179885,0.3623640663357577,19.045360565185547,2
138.45629892572592,1.706924944784606,0.3404621016296205,19.820392608642575,2
139.54101081961824,0.3967305380540989,0.4415708613663603,19.671443939208984,2
139.30437703852613,0.6791330945187829,0.2958840525476142,18.946136474609375,2
138.49840594704085,1.0049643151690557,0.4266783403107028,19.552379608154297,2
139.7139703687505,0.8634411159566605,0.197373580109499,17.609745025634766,2
139.52846473823556,0.4677204957389181,0.6209326268579526,20.94611167907715,2
139.18916217980836,1.790071484256332,1.0748457851974709,23.811710357666016,2
139.32272017946227,1.5431503923320165,0.9126488223306464,22.297021865844727,2
139.7477460078371,0.2791284058134011,0.3714143066046791,19.3111629486084,2
139.88159576950545,0.4455380232723746,0.0752687568161869,22.204710006713867,2
138.39400600017794,1.720479874455744,0.2825304698666088,18.8103084564209,2
140.09492218256716,1.516709593249714,0.1665865746212586,19.109529495239254,2
139.48821435124955,2.1694551058550537,0.3748270509698434,19.24158096313477,2
139.11789,1.1279436,0.3578087985515594,20.046689987182617,2
138.56565392568191,1.6024033576696988,0.2146949465314717,20.50279426574707,2
140.01064363325492,1.127885637989704,0.0163028137426756,21.664241790771484,2
139.3234469201821,1.7692481399626525,0.9530160084456148,22.19711685180664,2
138.93214334442064,0.2371840432903135,0.3095261783447197,19.91089630126953,2
138.45379233191113,0.4701321150234074,0.9610381307066448,23.72933006286621,2
138.60419808724157,1.643066185314842,0.1684094754097119,19.584163665771484,2
139.530354959957,1.8904830965685329,0.1628742386037483,19.400880813598633,2
138.73644000000002,0.17795279,0.5083275437355042,21.248197555541992,2
139.6734892620855,2.0273591615323596,0.1882961418175296,18.996450424194336,2
139.09951211531387,0.2963801283215924,0.3587563535647147,18.623119354248047,2
139.95177365529895,0.8342089172514136,0.0892688903515484,19.229293823242188,2
138.78172050609697,0.112399348446441,0.4877767973613115,22.775041580200195,2
139.55184567798412,0.3084217154463687,1.322774170703469,22.97747230529785,2
138.66705471799236,1.6577252496445678,0.1077314719568054,18.140668869018555,2
138.58990838062618,0.9513677376992532,0.2994512034098922,19.27542304992676,2
139.20009741378183,0.4825950174979831,1.5083622320568657,23.62467384338379,2
139.0697052859416,0.4753978589417222,0.621419566987701,23.323089599609375,2
140.29773637985738,1.1346966385639217,0.1524703245603563,20.199670791625977,2
138.7177496900249,1.5457834083027502,0.9269204671249048,23.14408493041992,2
139.67739215965065,1.1978411891410268,1.4263239995715788,23.34589195251465,2
140.25150502091137,0.7833568260580916,1.0086828503922924,23.308422088623047,2
140.0431127601932,0.5149650782486465,0.0899758851478781,20.60489845275879,2
138.57915916925745,2.0530692078775257,0.3045216592883646,19.866226196289062,2
138.66902721317538,1.0448090275448034,1.0249119075327708,23.494861602783203,2
140.01121075281432,1.5301027318839928,0.981785047344763,23.333797454833984,2
139.40825327509742,1.9157025263952177,0.9529890263787164,22.48284339904785,2
138.3892087995457,1.3474258809714936,0.1663285422396042,19.254880905151367,2
139.29924396004998,0.4792251382959,0.4977926560072247,21.349580764770508,2
139.03058332144505,0.7707289453876128,0.365214231759378,20.14362335205078,2
139.33751102763568,1.2655009450620427,0.8399922598152594,23.294614791870117,2
140.2664863733651,0.9007065313751799,0.1429498787431291,20.22792625427246,2
140.1679781939701,1.5100561045142449,0.3791892280005404,19.79169654846191,2
138.98916215237827,1.0188844780296356,0.3570079780105686,23.250038146972656,2
138.9095066022998,0.6365424921370242,0.2049485614718995,19.384641647338867,2
140.2315828895985,1.2980840927026476,1.1657534672867478,23.005796432495117,2
139.8253871023928,1.6348737069204728,0.7299879950051611,20.9567813873291,2
138.22838435246834,0.6504671155826354,0.1558000010920721,19.8617000579834,2
139.41638395260946,1.1658266725404227,1.0480912954962154,23.211524963378903,2
139.0927768307008,1.769689135421782,1.5540451592133229,23.458524703979492,2
140.17700629931147,0.8429628143930891,0.2519967149112023,18.536212921142575,2
138.973319139596,1.4825900424184577,1.136279393055721,23.093372344970703,2
139.0062304859306,1.595168660538521,0.3079472759331839,20.28274726867676,2
138.65364875998276,0.2927130068730626,0.511411670413128,20.706281661987305,2
139.52370152108475,1.788822023777669,0.3501366999241024,19.332046508789062,2
138.43696014557895,0.7885875101955703,0.3097795887686478,19.246253967285156,2
138.39593135408214,0.8666401031728402,0.334492805042374,19.46432304382324,2
139.03098367186314,1.5755258330958863,0.4791913732994675,20.409711837768555,2
138.72571010084292,2.0393379332578903,0.2904112674072183,19.16117477416992,2
139.1016601424059,0.733102453146258,1.4023150264137962,23.07316780090332,2
139.3557215171073,0.6791099240265748,0.1973353715387108,19.144790649414062,2
139.39809946536295,1.544402835826867,0.3753842032739874,18.56685256958008,2
139.22799497408204,1.8575611917741408,1.3801227135358942,23.014909744262695,2
139.08036134084523,0.7847879506234484,0.3199330142779501,18.304506301879883,2
138.2756219685539,1.4754978182774607,0.2461119045983785,18.28493309020996,2
138.95431328070896,1.9187992495244184,1.40103530024086,23.425445556640625,2
138.46046311779065,0.5612351342632171,1.0097570905009086,23.041156768798828,2
138.84659290586995,0.1336707993546548,0.3683356755821453,19.282455444335938,2
139.67823933797354,0.64316192953111,0.3079929103171504,19.840909957885746,2
138.9041758640245,1.5095609394739866,0.8802423977933911,22.92250061035156,2
138.73485183619803,0.2487992193356442,0.0273512667186487,19.81021499633789,2
139.82518,0.74989343,0.4255231320858001,21.57639503479004,2
139.29738292691823,2.151737166221591,0.1586752856661061,19.939912796020508,2
139.763675659819,1.0088123040612793,0.2899854801190576,19.022171020507812,2
139.66763202512217,1.699407186070244,0.5760797547317491,23.48882484436035,2
139.61489462569398,2.17974522950835,1.2106855046024791,23.571971893310547,2
139.97326590452707,0.9075899162703416,1.600632117338523,22.444562911987305,2
139.3848843073663,0.1994462441348,0.8728011843066008,23.142223358154297,2
138.72396000000003,0.1551427,0.713473379611969,21.820470809936523,2
138.88800024234166,0.6712705712361786,0.2701581512369542,19.242958068847656,2
139.3470023960186,0.9264329302373132,0.3486864785227515,19.718334197998047,2
139.82864130300635,0.4002728430403141,1.4018388143054743,23.205320358276367,2
139.07501002138338,0.8367591270712254,0.7237713794471249,21.708892822265625,2
139.012673923813,2.119577108672251,0.9387297110721372,21.980941772460938,2
139.5494935971791,1.63203544316496,0.0871623262060221,23.342906951904297,2
139.37079180358106,1.6066135508102202,0.3523591970441792,18.180021286010746,2
138.60602468542706,0.2346356242372899,1.1624673436475552,23.201414108276367,2
138.80157729723388,0.8503223996572165,1.0919083425678997,23.513975143432617,2
138.52493282589862,0.2668020860839449,0.0553095962320529,19.23455238342285,2
138.86489201866624,1.6655652939776324,1.174286551412844,23.33041000366211,2
138.48412742562755,0.5485831509394676,0.7451579641186716,21.25492477416992,2
140.21831562827373,0.7484486315649609,0.4701205973285803,18.97833251953125,2
140.00142641322591,1.7605979277680566,0.841336931188109,21.00158309936523,2
139.63004389465212,0.6354715537377008,0.163254441534607,19.132858276367188,2
138.59672999999998,1.2609504,0.5912912487983704,21.24994850158691,2
139.38391780146398,0.1046376335091196,1.0522768023272322,22.97907829284668,2
139.20086528220622,0.7072855981688422,0.9046586348322976,21.185216903686523,2
139.1141461146322,1.1088526782479171,0.3642005557970846,20.329336166381836,2
138.56779167205082,0.4880072730680048,0.1676814449890125,23.618558883666992,2
139.0339997561955,2.024499918370797,0.6362537529755672,21.59038734436035,2
138.92848402989617,2.079168378469753,0.4697159245964932,20.160831451416016,2
138.59194540911548,2.0914031056173346,0.6129974859658684,20.938488006591797,2
139.87053122531125,1.9175906669497529,0.5258222203219353,20.40343856811523,2
140.14169707804507,1.2387825324260466,1.0486479417453105,23.424894332885746,2
138.55878518094514,0.228849882478906,0.1668127194970815,18.91923141479492,2
138.8019319050752,0.4665343952969142,1.5182643915810687,23.363967895507812,2
139.43038228417868,0.1570710989534836,0.2918382562268669,18.57931327819824,2
140.081015201334,1.0960111713515874,0.7129210597164206,20.795639038085938,2
138.25759549656382,1.0433980780466894,0.8808096452009107,22.86855697631836,2
138.42047301602892,0.5214485644979685,0.7850153361715647,23.421283721923828,2
140.1882890403152,1.584953560922146,0.9618391822504828,23.068321228027344,2
139.1239087401865,1.662549708148386,0.5564453989746695,20.332046508789062,2
139.61702904470286,0.864396188079413,0.4234580094431611,20.3886661529541,2
140.2350677721024,0.7085849374895147,0.2625934351219516,19.921945571899418,2
139.8456466079076,0.816248844402328,1.050353474308326,22.58532333374023,2
138.9952112770671,1.7720222302043165,0.953823129423947,23.4963436126709,2
139.449909248507,1.7032369808708412,0.3562995131086468,19.29346466064453,2
139.36591867691266,1.3933553926590934,1.5580192792174417,22.52910041809082,2
138.7217576331662,0.992126409247644,1.3059050744324614,22.534984588623047,2
138.4746731141324,1.0827571234486968,0.2050560672023438,18.944936752319336,2
138.31675418314765,1.4483871988316586,1.391474743320819,23.23619842529297,2
139.14506443441277,1.1924911484818286,1.1277793505832483,23.33041000366211,2
140.12537575811032,0.5852404949561187,1.0234646107465732,23.091184616088867,2
139.2920463622774,1.170699158751471,0.2833356317362503,19.64309883117676,2
139.1870207703443,0.6716572696634036,1.031158446776744,23.00041389465332,2
139.98788179641176,1.7360829341099893,0.5416239749588309,22.850542068481445,2
139.98305,0.69876678,0.308267742395401,20.3351993560791,2
139.18044331406827,1.1586694635309314,0.6587211937438292,21.793062210083008,2
139.95329147521704,0.4609192103721942,1.4141929567187603,23.96347427368164,2
139.12990058762426,0.2317287104685826,0.4544848901336994,20.166458129882812,2
140.05816816301223,1.5853782844033188,0.8778661148995708,23.47848129272461,2
138.67586398832097,0.3044429429176374,1.1113303253852649,22.625389099121097,2
138.4933110159791,0.7590724316634068,1.1129773910921872,23.57170867919922,2
139.18389569906202,1.263186067579288,0.1411899439303171,19.689542770385746,2
139.59800858588153,0.4450228259396181,0.2601065025698032,20.38980484008789,2
138.70521178384533,1.7233769827920855,1.0249303481429308,23.14824676513672,2
138.72754734836724,0.1694167828497777,0.7093401885586886,21.357141494750977,2
140.07317875976622,0.7827406011982622,0.30320702412473,18.68013572692871,2
140.03405375782816,0.9614298789789564,0.2155726064072625,19.7719783782959,2
138.50544408084872,0.553003229227832,1.0065332225979176,22.96139907836914,2
139.76064850289876,1.995363650447031,0.9580370463736484,23.373456954956055,2
138.78673000000003,1.4549331,0.4731188714504242,21.2607479095459,2
138.11484430085352,1.2923545168053487,1.605494650144291,23.53329086303711,2
139.52789982282934,0.4083648899100507,0.3028383653929165,18.974334716796875,2
140.06338731542385,1.4637563495959671,1.481011461564137,23.463953018188477,2
138.22295823769784,1.0861628857780106,0.7704964052750458,21.16609001159668,2
139.39379731260834,0.6539102434675733,1.174841766236307,22.98455238342285,2
138.9887649623006,0.3861052605050793,1.116579198274689,21.734540939331055,2
139.663558904625,1.0251161604458603,0.9305641052045432,22.73028564453125,2
138.0874506435677,1.101880789482779,1.2226953294554617,22.79625129699707,2
138.40462349853183,1.1100992663576648,0.5354768830472922,23.58185386657715,2
139.06824022127282,1.1907945218432912,0.1771617549886592,22.36984634399414,2
139.14403006370986,0.4872650925666306,0.3084199297656829,20.536962509155273,2
139.61323,0.10830302,0.5089272260665894,21.67003059387207,2
140.03980404485827,0.7073212428638731,0.7028338213647812,21.563318252563477,2
139.72776040673585,0.3479000626865226,0.8679859424691355,23.991296768188477,2
139.5097994568495,0.2146990592602251,1.0625346741015935,23.071619033813477,2
138.31676177478977,1.5126761481116626,0.0560741835163703,19.138370513916016,2
139.7126163825034,0.7075936836210921,0.588222239797547,20.492481231689453,2
138.550891581132,1.5542211443782568,1.1637028350924332,23.0452938079834,2
139.36953130323758,1.4899940227123123,0.0947405809559358,17.080249786376953,2
138.12526060543382,1.2076907633688243,0.1396527700091536,21.06180953979492,2
139.13927635757747,1.2118172391943012,0.3522751743247681,20.130191802978516,2
139.04807840486097,0.1151993948280036,0.8382007117971196,23.65380859375,2
139.4196,0.792566,0.1953406482934951,20.46579933166504,2
139.82858762267455,0.7808125340041145,0.2915539345577676,17.887378692626953,2
139.0436900743562,0.7858330694815613,1.449486392001031,23.18877601623535,2
139.79939619900162,0.6830661698409118,0.1660742163109296,19.650440216064453,2
138.8705925589577,0.5696780283799009,0.5620945313609451,20.17216682434082,2
139.83682024424294,0.8806556277153628,0.2475062919694751,20.179929733276367,2
139.15762112680977,0.1371736986181779,0.8377783857844916,22.99711036682129,2
140.16594867771448,1.203293254823309,1.201094100797765,23.15207290649414,2
138.24720891943133,0.8768804658303141,1.4658465120429045,22.807838439941406,2
139.033808069961,0.9119619216253464,0.4473078855092564,19.74745178222656,2
139.43825409889504,0.3709262399807373,1.473991150138548,22.75301170349121,2
139.37009112504475,1.3372592041947609,0.3331918113855528,18.752946853637695,2
138.65326278876,1.8153149966638171,1.1453784475192537,23.34737777709961,2
138.82412557590487,1.4323516000960472,0.2705398687899178,19.296777725219727,2
138.43188108073826,1.0608310730746544,0.6515996257373974,23.435548782348633,2
139.15877069318813,0.5261729143800549,1.1653959392619904,22.514331817626953,2
139.35195924858954,0.2772111772534714,0.2369726176095165,23.22134780883789,2
139.42191933809602,2.18320564087177,0.0902081100026894,18.17053985595703,2
138.55213979571388,0.289656293512899,0.8126978156513339,22.949003219604492,2
138.63161492641652,1.3370415667613564,0.3674076023012024,20.21112823486328,2
139.40524738166164,1.7454136293929818,1.2080577642144752,22.666053771972656,2
138.43194419692125,0.983091984555282,0.834832859834832,23.33415985107422,2
139.2697816507018,0.9262754074236226,0.9343590752461988,22.843006134033203,2
138.7612786568222,1.84125464053491,1.3617326386193191,22.61348342895508,2
138.89751453705833,1.9789284660438944,0.3468887235891602,19.57777976989746,2
138.87010530726462,0.6126940036266368,0.5517624911850757,22.761409759521484,2
139.90840366067516,0.2984641554431244,1.0472974306995535,23.757362365722656,2
138.60519093776358,0.2408981851974969,0.16724312559081,17.398448944091797,2
139.70125613479863,0.5309943856136055,0.2612941133504788,19.222091674804688,2
139.2868005678917,2.2454765462404045,0.4874476623711415,19.552698135375977,2
138.85335963290856,2.1946860792631577,0.9933574104306936,23.37299919128418,2
139.54985677427163,0.9591403674653408,0.2597151330054331,23.097267150878903,2
138.56887932620344,1.1947094420462403,0.9547141338956454,22.61664390563965,2
138.73998133080403,0.4061056846868595,0.3046598681969631,18.91335678100586,2
138.78857960996396,1.2550057542813666,0.5049229207409552,19.81657600402832,2
139.98964999999998,1.6768331,0.6250967383384705,21.955543518066406,2
139.5751114895077,1.6195079040597455,0.2483579800858145,17.739145278930664,2
139.38919759297187,1.380033362656263,0.921709961876942,22.164491653442383,2
138.61670197691944,2.025605342912125,0.3028995511918121,19.28394317626953,2
138.9075684119353,1.1116636699591165,1.160095543507491,23.217300415039062,2
138.49960075838476,0.9487752289672818,1.1898381835549334,23.509212493896484,2
139.2258331356668,0.6417778127570433,0.30745410791652,20.06279754638672,2
139.2721397174125,1.2138840271164768,1.3960046764798584,23.53606605529785,2
139.4066779131275,1.2966211909247838,1.5866849443284226,22.40131187438965,2
139.35609910128096,1.4492916020032545,0.3535614510210276,18.160675048828125,2
139.60597322614626,1.5913038302860991,1.1870380158603773,23.463438034057617,2
138.20283676021222,0.7294607990595854,0.39854195456641,19.883913040161133,2
139.25687527371818,1.8228388826436983,0.3650307194804615,20.37299346923828,2
138.25496048545585,0.5974079447779596,0.1648322210906959,20.08454132080078,2
138.16444612097175,1.2408559032482889,0.9542868457522538,22.94720458984375,2
138.9305030845022,1.60682639260774,0.9508175349486292,22.67793083190918,2
139.85450152127683,0.4398293851432917,0.2540384219085008,19.086469650268555,2
139.37541901422043,0.7942122084190947,0.2152984806716167,19.375879287719727,2
138.64769000773302,1.9866908153003588,0.0546639964173925,20.38268280029297,2
139.8062884599209,0.7458079403186026,0.2243719357370008,20.32946014404297,2
139.30026137487414,0.9656892326619532,0.3602690118171415,23.04064178466797,2
139.72236222856253,1.365545417716938,0.1302616265564621,19.205305099487305,2
139.47715,2.199873,0.2804752290248871,21.020708084106445,2
139.27404622413476,1.693377334401937,0.3160842355152808,20.230560302734375,2
140.1582553212261,1.258681373797352,0.3064977030913623,19.136550903320312,2
138.42854323570285,0.9638350022644252,0.966593778183879,21.848562240600582,2
139.1419584839602,1.4292716742266058,0.3602557253012317,19.84867286682129,2
139.2532274479785,1.807563770058896,0.750379312715771,21.25571060180664,2
140.05154672839748,0.5076551821481594,1.0446544010263978,22.69694709777832,2
138.60427419042418,0.5832020417451312,0.7999218569664175,22.497783660888672,2
138.5586561541768,1.0952380403696198,0.2393250637198009,19.16316032409668,2
139.38409263208666,1.040658262030906,0.3625539592024935,18.92216110229492,2
139.06148936043184,1.3708947328419958,0.2042759629621701,19.32109832763672,2
139.07755731776294,0.1946278700265203,0.6688751844081365,21.38509750366211,2
138.36777587805292,0.5813321753585389,0.2217213743375195,19.735668182373047,2
138.9062705437192,1.4076945959634448,1.5493243022651966,23.575647354125977,2
140.13852395422282,1.3909839035309308,0.5447980690429411,20.272552490234375,2
139.37815921973373,2.145371302993526,0.2833553407136471,19.00387382507324,2
139.329149143445,1.893041726231595,0.1643083459387955,18.839580535888672,2
139.17775,0.30338629,0.3323360085487366,21.336400985717773,2
138.89438617835947,1.728618526151314,0.2621442203929005,20.16619110107422,2
140.15723135885395,0.684864835684098,0.0848243108649638,22.84443092346191,2
138.44098559903318,1.881075225801979,1.4276125290819264,23.441904067993164,2
139.90150028849595,0.4448081540227775,0.8259914431026362,23.191848754882812,2
139.87224066023265,1.4304717554243604,0.141006895496254,16.730100631713867,2
139.27413199850767,0.2451678062249167,0.3302064869930348,18.94525146484375,2
138.6343047406447,0.914206150685574,1.527757188848411,22.8675537109375,2
138.65500809700444,0.3282769444741301,0.3066959813817775,18.513126373291016,2
139.22692592582823,0.5487060254331098,0.4141918358719305,19.20121955871582,2
139.19777575354442,0.6341285729708938,1.0404024523400617,23.030338287353516,2
138.56728982232744,1.6009666136610918,0.216200933956888,18.822906494140625,2
138.30791109309493,0.6024577437487317,0.172473479629405,17.772708892822266,2
139.34779821599437,1.001998533392385,1.4042210257799284,23.298656463623047,2
139.14220054542702,0.9974010624106088,0.9534509716597656,22.5858097076416,2
138.31571880941306,0.6265760812751797,1.2634768165011592,23.703453063964844,2
139.1700740186048,0.3291028039715037,1.5755856456786044,23.48641014099121,2
139.17353000000003,1.1561795,0.3846226036548614,20.52576065063477,2
138.81327155122233,1.7146966433076172,1.1628491026592165,23.05756568908691,2
138.61123856565183,1.46596234319515,0.5791094338990206,20.756528854370117,2
138.83946934390755,0.3677417957534716,0.9830572869817128,23.24817276000977,2
139.9187697001121,0.8835299481697542,0.4499674907319703,19.741867065429688,2
138.9054423461242,1.3847648391329292,1.3850387041811678,23.53816795349121,2
138.67345539762016,1.503161243517485,0.2464576897921516,19.559803009033203,2
139.9548900575192,0.8689875330159886,0.4491478106105193,20.06678581237793,2
139.47385224042108,1.7802891833282908,1.042148690964236,22.48915100097656,2
139.37961437194951,0.2399264809400057,1.476851541337021,23.315778732299805,2
139.81104092473626,0.442604954267527,0.558451976927728,20.48249626159668,2
139.0541,0.69935723,0.0376893877983093,21.71894264221191,2
139.68435156627956,1.8304347284848477,0.4796123729804996,19.53565216064453,2
138.95106768563286,1.1486461781244082,1.369265903272329,23.3802433013916,2
140.00819871587456,0.7099271308758668,0.3084968023974794,18.917394638061523,2
138.43701337488673,1.674242866102951,0.926121185654275,23.061634063720703,2
139.99183617230395,1.3057565598284786,1.5692334215067467,24.07713508605957,2
139.46754832788514,0.5650157443825847,1.3342521086347512,23.214134216308594,2
139.2524177263578,1.543690838980926,0.0374243634474826,19.850341796875,2
139.53086967039377,2.12827442247263,0.2099894481612127,19.543140411376953,2
138.16265202498553,1.2516997368812297,0.5397269995863138,19.912338256835938,2
139.15930103665502,0.1308819296656145,0.3625873806302072,19.470399856567383,2
138.2540781672096,0.5635796326703876,0.9451799865035384,23.04045295715332,2
139.21446047992103,0.2351959999604853,0.0567048137774336,18.480316162109375,2
139.84201304954502,1.815421296714436,0.6718288714574204,20.80550193786621,2
140.12818944497434,1.527993513306758,0.2234329211188386,18.737064361572266,2
139.68817646229851,1.096547062595696,1.4077133034626614,22.943838119506836,2
138.94767073191008,1.834540682209461,1.5403060750425803,24.087268829345703,2
138.91021784472582,0.5020941106171924,0.3063339812752831,18.98107147216797,2
138.88010366372163,1.7944230401723107,0.2025713412717913,19.26041030883789,2
139.25292603856693,2.000326430841301,1.0314375219181602,23.69672393798828,2
138.62727886602022,2.1161122340240572,0.9173782163212116,22.946346282958984,2
139.04436218053192,1.1356874103459542,0.165482292503846,19.013826370239254,2
138.41370319841195,1.8389665961638677,1.4021836961858254,23.27655792236328,2
139.0965501673886,0.7263836295559057,0.2147339818535792,19.450210571289062,2
139.49037679081414,1.197839811057888,1.0300093806286676,22.83356475830078,2
139.35653114645115,1.5140748464388585,0.3073903500383879,18.798566818237305,2
138.82172127616553,0.943163999518536,0.3380572836912734,22.590190887451172,2
139.41496318793207,0.609387692521144,0.539232256087903,21.03709602355957,2
138.2212706048619,0.9745544908672142,0.964566797109483,23.35472869873047,2
140.11099658696995,1.673304649611549,0.5011286854463215,20.14887237548828,2
138.89602000958146,1.8941240077136312,0.8265995356042141,22.325515747070312,2
138.65342078040473,0.324300481439565,0.3030871127119816,18.407817840576172,2
139.24108540502482,0.7362274328396051,0.4883850349328007,19.826284408569336,2
139.76689992524769,1.9287571369922476,0.087506790164338,19.562715530395508,2
139.16343311862386,1.313693896617446,0.956188285172415,23.05169105529785,2
139.08733939962323,1.5140165698851014,0.0540350219744587,18.720443725585938,2
138.26189071312186,1.2283086969186272,0.7812666956539356,22.426509857177734,2
139.0196405341865,0.9082350531184497,0.8345602328905157,21.977535247802734,2
139.5226214608086,0.644287222450285,0.8093838939237983,23.931884765625,2
139.7838872947399,0.5096764681127854,0.1627358174097264,19.474760055541992,2
139.6770030999497,0.4043581047390541,0.722719846873597,23.574119567871097,2
139.82742368993357,1.6582870470133906,0.9481202243287,22.82556533813477,2
139.4496266172812,1.055553250128948,0.0002332281091973,21.420007705688477,2
139.55815572751192,2.031575826857946,0.6570071219979744,20.88066673278809,2
138.4298343787307,1.714530336400994,0.2825695332570248,19.28070640563965,2
139.9296424706394,1.66530784953203,0.2814498417260084,18.537885665893555,2
139.21009000000004,1.6841991,0.5501353144645691,21.67377662658691,2
139.64051303166238,0.982185779501689,0.7254529629950184,22.369888305664062,2
139.1722465452943,1.3696459009376087,0.2194105985540789,19.965660095214844,2
139.16583325205946,0.727596185862384,,,3
139.02954968188536,0.3206782041733966,,,3
139.2687792997131,1.460198952294814,,,3
138.95402784418144,1.3302031319740075,,,3
139.04289243945846,1.88481906296395,,,3
139.7416807299152,2.0128874228604436,,,3
138.10623903664012,0.9025463301069956,,,3
138.79041355342704,1.2605070288969833,,,3
140.06534890889486,0.7709867247592128,,,3
139.29600639178653,1.2615494013133877,,,3
139.0421885275655,0.7548638382030517,,,3
138.5078994062147,0.480811666823681,,,3
139.5623793795769,2.16646653800628,,,3
139.78007824799533,1.3453377503014283,,,3
138.74661847396817,1.4414793857454422,,,3
139.58669223301249,0.4994213460294863,,,3
139.0190120296802,0.569647574786385,,,3
139.24521655690103,1.4344689316131094,,,3
138.55118900258586,1.8171762822460056,,,3
138.58443351020415,1.6289028873585862,,,3
138.47924301244052,1.10306457581085,,,3
140.28858339735234,1.274720101932636,,,3
138.5343226167731,0.5672397212400675,,,3
140.18325938762425,1.0412328788284355,,,3
138.74753110702227,1.4090360554235413,,,3
138.64684371592418,1.2544563061947758,,,3
138.291033695518,1.5132414491996018,,,3
138.78534730297895,0.4832356709026593,,,3
139.2587816433601,1.1531325715415173,,,3
139.68255138367087,1.5148500816910913,,,3
139.2802995914152,1.1143078912818771,,,3
139.4210940410912,0.3489749853554785,,,3
139.56288039897748,1.6551579796886045,,,3
138.5824341010739,1.020972577654406,,,3
138.27624609785587,1.5384754985660964,,,3
139.13620021733095,1.5764697842928448,,,3
139.15079167213918,1.3895935477401269,,,3
138.5451984133407,1.9008838486721704,,,3
139.2723465843376,1.0682082021561448,,,3
139.499008607968,0.5742374319166981,,,3
139.164170275345,0.7558171627845047,,,3
139.96273554897604,0.9850578290493168,,,3
138.4576057467111,1.4533248151112643,,,3
139.0297200184594,2.1874422647212164,,,3
139.06783239974058,2.001921977124647,,,3
138.80857635720167,1.731418971172411,,,3
139.87707303294755,0.9306475971868684,,,3
138.80019084478536,1.5691768315088035,,,3
138.65866947650596,0.2771626245011453,,,3
139.32893873211367,0.0622481107650241,,,3
139.7189531787048,0.6176974640369364,,,3
138.89202150962947,0.5556074493194306,,,3
139.6380688136797,1.0871664068147038,,,3
139.14167916785365,0.4876925268389418,,,3
139.22796059962678,1.8914568170087669,,,3
139.79010191483906,1.4940345179158745,,,3
140.10502332829,1.5781977872895387,,,3
140.09656007622448,1.5758770020934727,,,3
139.4798733176997,0.5170934521001849,,,3
138.7528550768039,0.5453585194835998,,,3
139.64328159018635,0.3473177143522039,,,3
140.15663148342483,1.7471221149568783,,,3
138.24111598338192,0.9375158811764458,,,3
139.66274000821153,2.1159012670655253,,,3
139.08533285886622,1.4711732717761223,,,3
138.5438019986521,0.6035827706260828,,,3
139.54622645381752,1.12721181719006,,,3
139.56780381303415,0.8154844967000128,,,3
138.32401450300435,0.6122756333077551,,,3
139.4638878454064,1.259381087806327,,,3
138.80596116434344,2.038055934438833,,,3
139.1780183043271,1.7060559995995597,,,3
139.35038347594852,0.1479259047750878,,,3
138.19376894373443,0.751861367393835,,,3
138.3260561041921,1.434385934904492,,,3
139.0189987599561,2.2450333886802714,,,3
138.26457812704112,0.7304748792082034,,,3
139.1952897829881,1.835284364551856,,,3
139.38000501258784,0.6388390683760595,,,3
139.18999171931142,1.9198403550966952,,,3
138.5438933418493,1.623922386827274,,,3
139.76671315772143,0.8213671105754917,,,3
140.23113707987525,1.2323920299166968,,,3
139.2233517020549,1.0024433942428217,,,3
139.6500732810073,0.2411966875205896,,,3
139.25683992130473,0.0814259473834012,,,3
138.64573666656193,1.2878304303688146,,,3
138.08528199457038,0.9996423448789156,,,3
139.0124383704712,1.462404670918974,,,3
138.4802153152455,0.4131849659848687,,,3
139.06740464064143,2.0547300714296064,,,3
139.72280541749237,1.477825313213498,,,3
139.54930411978276,1.6251190914199014,,,3
138.34893829879985,1.7065248993945212,,,3
140.1289412909051,1.5918597981574354,,,3
138.56149612368912,0.3229311454600808,,,3
138.41272414024655,0.8708831290173766,,,3
140.15570433654517,1.547066936137493,,,3
140.20551150389397,0.8792831964200214,,,3
138.51985405273982,1.4087062559255128,,,3
138.90308455980417,2.104238961140675,,,3
139.1034748455002,1.6009939065542074,,,3
139.13244485295925,1.4176280088325777,,,3
138.3910417346474,1.3589439597157302,,,3
139.2684148448094,2.0956568644848703,,,3
140.1904398028054,0.7192051410990639,,,3
138.28633224760782,0.8323667196098596,,,3
139.67464691039547,0.5623248417268089,,,3
140.00539599036827,1.0343476872093922,,,3
139.93300233993108,1.1416748321691763,,,3
138.36584854349823,0.6396513374759487,,,3
139.780853223826,0.622491996388339,,,3
138.69169243835051,0.172199902271436,,,3
139.15757288672802,1.4981562074759496,,,3
138.65607159337333,1.439092191449339,,,3
139.6128999666459,0.4107234857078947,,,3
138.36004728591533,0.793059754271341,,,3
139.91288547923446,1.5448623872335991,,,3
139.57704917503278,1.8591589804533877,,,3
139.4571780791125,1.0178321220483364,,,3
139.55118923786358,1.7409004220757154,,,3
138.19279529236104,1.1846873562071532,,,3
139.0978410212013,0.3130637310120471,,,3
138.24940709792884,0.7264728460256032,,,3
139.63378189752748,1.4897104654336049,,,3
139.21830403086452,0.0782688796192326,,,3
139.36612374528528,1.4600348435690769,,,3
138.99574743923665,0.989907260221585,,,3
140.11727198330686,1.1765673334064963,,,3
138.4975379172429,0.4686965979595365,,,3
139.3139392698658,1.8856641411301744,,,3
138.80565025003213,0.3118213978855195,,,3
140.03192615707047,0.6665899291159306,,,3
139.217317,0.25674774,,,3
139.54487234,0.92597523,,,3
138.96013048,1.77363449,,,3
139.27086451,1.92789904,,,3
139.08283061,0.66926286,,,3
138.72763173,0.83126324,,,3
138.32142308,0.99244322,,,3
138.1152274,0.93758115,,,3
139.19816527,1.88351631,,,3
139.66446725,1.41271521,,,3
139.00614858,0.7634377,,,3
139.15447368,1.16336416,,,3
138.41163722,0.38301264,,,3
139.72143821,0.73367394,,,3
139.07767008,1.62038715,,,3
138.98849209,0.22280179,,,3
139.39785301,0.77307782,,,3
139.35258124,0.83672269,,,3
138.81393246,0.37484578,,,3
139.401006,0.05933643,,,3
138.77556453,0.44979994,,,3
139.28846553,1.0662647,,,3
139.27150884,1.09464227,,,3
139.81919256,2.07255324,,,3
138.49834409,1.88011636,,,3
140.18678161,1.23617093,,,3
138.19996638,1.01281861,,,3
138.1584583,1.13435585,,,3
139.37469086,1.6562928,,,3
138.41715838,0.73745595,,,3
138.48075769,1.57339089,,,3
139.15405714,0.41856371,,,3
138.44815561,1.67639813,,,3
138.76649266,0.21130166,,,3
138.89997178,0.65340357,,,3
139.04023833,0.69807208,,,3
138.54325594,0.71947799,,,3
138.98198797,1.41908581,,,3
139.95977363,1.32379636,,,3
138.22322039,1.27865914,,,3
138.97499937,0.5411918,,,3
139.78245077,0.50640005,,,3
139.86791823,1.0593706,,,3
139.55528117,0.33398345,,,3
139.90464199,1.69721242,,,3
138.7075378,1.67681846,,,3
138.38872277,0.39660451,,,3
140.32755608,1.09402768,,,3
138.81884276,1.97258359,,,3
139.7312344,0.59981537,,,3
139.1124051,2.1731897,,,3
138.27402246,1.67586244,,,3
138.4170391,0.74362939,,,3
139.09349913,1.55432089,,,3
138.69162472,1.79746008,,,3
139.31107794,1.89979211,,,3
139.1425103,1.16632759,,,3
140.23842012,1.09279786,,,3
139.63653348,0.37288226,,,3
138.8582666,2.16983384,,,3
138.57854392,1.25812628,,,3
138.85281151,1.04559681,,,3
138.29903808,1.61245384,,,3
138.25186653,1.73471202,,,3
138.45699231,1.50653693,,,3
139.64583805,1.10948689,,,3
138.65369823,1.60127012,,,3
139.89335051,0.77570587,,,3
139.24600782,0.56830744,,,3
139.42197846,2.18283331,,,3
138.70183772,1.46035715,,,3
140.07032938,1.0670646,,,3
139.65121007,1.26560482,,,3
138.98254981,0.4201459,,,3
139.83312123,1.31947034,,,3
138.61750554,1.56979497,,,3
139.90625395,1.48670598,,,3
139.59967481,0.39438667,,,3
139.62867941,1.08136467,,,3
139.85439026,1.00056625,,,3
139.87819226,1.25547329,,,3
138.90315878,1.39043482,,,3
139.83803059,0.66635554,,,3
139.77456668,0.28258336,,,3
138.3783767,0.50478465,,,3
139.15424468,2.25638713,,,3
138.70655539,0.1538405,,,3
139.22350537,2.06415029,,,3
138.60467028,0.79362957,,,3
138.72390378,0.2218077,,,3
139.43369462,2.02884908,,,3
138.38810336,1.23655543,,,3
139.98551676,0.51627885,,,3
138.98323654,0.48875878,,,3
140.00632497,0.64550394,,,3
139.23488303,1.74424997,,,3
140.23477451,1.46556606,,,3
138.65502872,0.74675173,,,3
138.54698831,0.99437105,,,3
140.22765477,0.81045513,,,3
139.00892867,1.98662908,,,3
139.69826647,0.53218801,,,3
138.87783696,0.64746553,,,3
139.39261591,2.21491476,,,3
139.77109894,0.34003891,,,3
139.49229759,0.86518961,,,3
139.42064616,0.26303957,,,3
139.15756104,1.30358518,,,3
139.13910551,0.94263431,,,3
139.90035832,1.10898043,,,3
138.83241821,0.70707306,,,3
140.14082839,0.90803405,,,3
139.18259371,0.82669819,,,3
138.83831613,0.98588707,,,3
138.68794226,1.33685735,,,3
139.46346262,1.50102565,,,3
138.95587667,0.97424225,,,3
139.91169682,1.82347112,,,3
138.92651766,1.98771583,,,3
139.91635101,0.41142142,,,3
138.80915784,0.51089399,,,3
139.44768994,1.65106708,,,3
139.34088359,2.14974791,,,3
139.3830217,0.88424673,,,3
139.10716094,0.6686865,,,3
139.1493636,2.1356178,,,3
138.85104265,1.85792362,,,3
139.95578143,0.70066615,,,3
139.83797349,1.81857584,,,3
139.51838823,0.07648399,,,3
139.89626801,1.69044353,,,3
138.42057455,1.7490726,,,3
139.78009116,0.25434679,,,3
139.32347371,0.25779457,,,3
138.49213003,1.69154182,,,3
138.41249224,0.74614768,,,3
139.63116306,0.62488863,,,3
138.61517268,1.96298999,,,3
139.2852328,0.26849054,,,3
138.38982789,1.3030378,,,3
139.07657869,1.58410701,,,3
138.8501889,1.07993772,,,3
139.93841723,1.08436559,,,3
138.95564018,1.80770902,,,3
138.59474855,1.44908914,,,3
138.9990493,0.32963865,,,3
139.15341042,1.30586219,,,3
139.4589354,1.6809171,,,3
138.54313512,1.90813914,,,3
139.21268745,0.9965094,,,3
138.99364786,1.87138991,,,3
139.62635278,1.05715883,,,3
139.65296643,0.59937397,,,3
138.39855438,0.71654711,,,3
138.28447666,0.8614927,,,3
139.16293677,0.56681205,,,3
139.3592933,1.84105739,,,3
139.41388538,0.32214676,,,3
139.65032391,0.71990121,,,3
139.90712954,1.50495234,,,3
139.71044836,1.25484639,,,3
139.08792601,1.33909619,,,3
138.4933631,1.44412071,,,3
139.90185322,1.03334275,,,3
138.41149688,0.75086836,,,3
140.12584514,0.67383762,,,3
139.60756156,2.16625362,,,3
139.94236287,0.39129677,,,3
139.37123473,1.02450345,,,3
138.54956394,1.14167855,,,3
138.86581394,0.41959391,,,3
138.90337015,0.73817289,,,3
138.52671164,0.56459734,,,3
138.37848174,1.65291358,,,3
139.83350643,0.8791495,,,3
139.94792966,0.4309551,,,3
139.52301781,0.58426964,,,3
139.5818389,0.64615652,,,3
139.62437283,1.00015459,,,3
138.91474955,0.73784244,,,3
139.9237321,1.44824026,,,3
140.1812059,1.16519435,,,3
138.79581348,2.1435833,,,3
139.61759249,0.1982238,,,3
139.35071547,1.11309917,,,3
139.90639151,0.87081474,,,3
139.83230193,1.5876941,,,3
138.89921964,1.25372666,,,3
139.7321434,1.08209023,,,3
138.71888664,0.1721948,,,3
140.04472658,1.49094075,,,3
138.19181785,0.76752373,,,3
139.14488567,0.04912927,,,3
139.01215948,2.22664152,,,3
139.49945789,0.39599649,,,3
140.14944276,0.68684546,,,3
138.56002523,0.37437601,,,3
139.30552126,0.03347443,,,3
139.97946695,1.76619435,,,3
139.06011195,0.63191741,,,3
138.50604165,0.96923267,,,3
138.93645664,0.87558585,,,3
139.14281026,0.44921488,,,3
139.09135445,0.7164336,,,3
139.3195678,0.75924369,,,3
138.4151338,1.3224241,,,3
139.57997287,0.38764718,,,3
139.61295718,1.52414168,,,3
138.46810546,1.51639871,,,3
139.69631761,1.12114951,,,3
139.80176196,1.64391754,,,3
139.67863239,2.12880884,,,3
138.60817551,0.52075936,,,3
139.45781208,0.25319237,,,3
138.81424228,1.63646803,,,3
138.95372644,0.51313245,,,3
139.26402634,0.8902703,,,3
140.28047062,1.46634303,,,3
138.99073323,1.58940332,,,3
139.09768382,1.53343938,,,3
139.81475791,1.72651352,,,3
139.66064403,1.84216221,,,3
138.66527492,1.60398445,,,3
138.60463796,0.74308915,,,3
139.96496281,1.59165831,,,3
139.12180028,1.63358058,,,3
138.91720837,0.12331571,,,3
138.69263771,0.90819067,,,3
139.464529,2.20264885,,,3
139.67276989,1.48236382,,,3
139.44787482,0.19609427,,,3
139.47263685,0.79618899,,,3
139.60535536,1.32445607,,,3
139.35472231,0.38097921,,,3
138.99956945,2.17265029,,,3
139.64890456,2.02141709,,,3
139.01019272,1.22987629,,,3
139.85508691,0.29502777,,,3
140.00211148,0.48295902,,,3
140.11297003,0.96385128,,,3
138.60741012,1.72541565,,,3
138.86029187,1.47716306,,,3
138.2183566,1.68981972,,,3
138.72960632,0.13628311,,,3
139.39130366,0.58491774,,,3
139.12850883,1.85947127,,,3
138.88537638,0.71003008,,,3
138.38440188,0.72572071,,,3
140.1573336,1.56268341,,,3
138.41870333,1.62765385,,,3
138.74393698,1.56077187,,,3
139.48149363,0.53741553,,,3
139.50192234,0.77086394,,,3
139.87025418,0.9490829,,,3
139.31481417,1.30125342,,,3
139.84018204,0.8490953,,,3
138.39739494,1.32695027,,,3
139.31907672,0.8859998,,,3
140.12833527,1.68745718,,,3
138.50590279,1.93864457,,,3
139.15894293,0.31384624,,,3
139.26666169,0.54228957,,,3
138.41773918,0.93568572,,,3
139.21759451,0.61273039,,,3
139.41071009,0.46731133,,,3
139.25430544,1.59777787,,,3
139.43042383,2.18163951,,,3
138.94927422,0.52717961,,,3
139.07081209,0.65499582,,,3
138.67437703,0.2336995,,,3
140.24398434,0.88344338,,,3
138.97674555,2.0646339,,,3
139.34530997,0.62212724,,,3
139.29625879,1.26477588,,,3
139.27770905,0.07530729,,,3
140.0506993,1.2585266,,,3
138.8232192,1.37118053,,,3
139.56097344,1.15469146,,,3
139.28205948,0.51051006,,,3
139.18415608,0.06681129,,,3
139.61491992,1.51325702,,,3
138.53150159,0.47103039,,,3
139.45482546,0.61772811,,,3
139.20652947,1.20237226,,,3
139.79056528,1.6024669,,,3
139.32469982,1.4615841,,,3
140.01547143,1.19269977,,,3
139.09669561,1.92195084,,,3
138.39146589,0.88393045,,,3
139.21625368,0.79366645,,,3
139.93177561,0.76265458,,,3
139.02002319,1.06532149,,,3
139.39985892,2.26193061,,,3
139.09059875,1.91945652,,,3
138.65465138,1.94122344,,,3
138.89527135,1.7741907,,,3
138.82792646,0.88513205,,,3
140.19163325,0.87005633,,,3
139.8607551,0.39393191,,,3
139.57537026,0.1880922,,,3
138.10146938,1.35156902,,,3
140.1400368,1.12075442,,,3
139.74395116,0.2850252,,,3
139.88322382,1.11497377,,,3
139.49872642,0.47946195,,,3
139.05120963,0.08524648,,,3
138.16863101,1.48886365,,,3
139.47450527,2.21941273,,,3
140.10896338,1.74320346,,,3
140.30769609,1.0202948,,,3
138.83134339,1.40624512,,,3
140.07019645,0.88735727,,,3
138.80629643,1.67456007,,,3
138.42013688,1.37911905,,,3
139.26360686,0.26984834,,,3
140.1729386,0.75427048,,,3
139.02129474,2.00396628,,,3
138.77682983,0.49618549,,,3
139.73075547,1.64735563,,,3
139.22428383,0.22547516,,,3
139.93726494,1.59792074,,,3
138.55976052,1.43815551,,,3
139.31496688,1.8030475,,,3
139.46592847,1.25731074,,,3
139.26625537,0.28859297,,,3
138.93789743,0.59742057,,,3
138.82853671,0.42253165,,,3
138.93488856,1.22016247,,,3
138.29986002,0.98220985,,,3
138.67198913,0.43355407,,,3
139.23528669,0.67510487,,,3
139.93561769,1.9206938,,,3
139.30287087,0.03329794,,,3
138.88888591,1.45506832,,,3
139.20987987,2.09828976,,,3
139.72095502,0.61830068,,,3
139.05796203,1.70940679,,,3
139.27982046,1.75005736,,,3
138.94460391,1.05206951,,,3
138.92814239,0.41070728,,,3
138.80063242,0.84632502,,,3
139.32716489,1.37926557,,,3
139.4548129,2.24904909,,,3
139.63493067,1.02172739,,,3
139.08250312,0.69662335,,,3
140.13115149,1.22920834,,,3
139.97562636,1.13173636,,,3
