RA,Dec,redshift,rmag,set_id
139.7439196148197,3.778105370531312,1.6408750795049187,19.313440322875977,1
139.49995889257033,3.873406162541204,1.6298224271205468,19.897035598754883,1
138.24657239396237,4.698426182075405,1.5016703582722009,19.034088134765625,1
138.15878198369526,2.8814224296029014,1.5986046265969296,21.545610427856445,1
138.1651,2.9763808,1.1642283201217651,20.799989700317383,1
138.31523724627164,4.055650195404162,1.5099800893869746,19.380643844604492,1
138.24315219459052,2.8319005774987382,1.6122078684458356,20.61043357849121,1
138.0327747459445,3.8153859341098793,1.6364982176231215,18.709491729736328,1
138.73262403047454,3.2570284517274217,1.2928346608634214,18.418766021728516,1
137.89223179903942,4.543647660622168,1.1363533831054768,18.51179313659668,1
137.90912560585397,4.164924395245227,1.2223405515928438,18.908920288085938,1
138.24657000000002,4.6984257,1.499404788017273,19.859600067138672,1
138.83506195897507,4.265951521654089,1.9244939212170116,18.72547912597656,1
138.37364149794348,4.634560763430702,1.7248429695587946,18.048234939575195,1
138.1766114970828,3.0655231107978285,1.173891543037871,18.80823135375977,1
139.0495876722843,3.5549256637440525,1.17349295776983,18.858509063720703,1
138.24657239396237,4.698426182075405,1.5022817432004218,19.034088134765625,1
139.2327516212418,3.654059105233459,1.8193462737210324,19.468896865844727,1
138.43150000000003,2.9572228,1.8920754194259644,20.113235473632812,1
138.4519155750792,4.632684724463607,1.6765734244575474,21.63905334472656,1
137.99269000000004,3.2745207,1.1782282590866089,20.03089904785156,1
138.10531210409303,3.988372595333429,1.6361209895252082,18.838579177856445,1
138.37364149794348,4.634560763430702,1.72532636450311,18.048234939575195,1
138.1766114970828,3.0655231107978285,1.1739752578534162,18.80823135375977,1
138.73262403047454,3.2570284517274217,1.292204506783201,18.418766021728516,1
138.08384166468804,3.059970749445162,1.3416707213361083,20.182926177978516,1
137.85896000000002,3.0605024,1.8934013843536377,20.226600646972656,1
138.28855987634716,2.970787872475881,1.9651751186011828,22.0821533203125,1
138.57343853109427,3.4419830964521725,1.686773888358563,19.602161407470703,1
138.03277000000003,3.8153865,1.6386574506759644,19.53919982910156,1
139.01042676261218,2.9356566991627138,1.7055593610680748,20.613027572631836,1
139.2592182953429,2.991881955274119,1.3033249470485464,21.1422119140625,1
139.09640626710663,3.948885459368971,1.563872881859331,20.62540054321289,1
139.4968999581868,3.2742907258968392,1.056427432788017,17.898513793945312,1
137.9926898178763,3.274520853697617,1.178015489187618,19.19871711730957,1
138.0327747459445,3.8153859341098793,1.6350953161825694,18.709491729736328,1
138.4339897762073,2.982159529815104,1.983012310757031,21.15873336791992,1
139.28807823194597,4.023397405303066,1.5847300572708294,19.86271858215332,1
138.10531210409303,3.988372595333429,1.6356297415987695,18.838579177856445,1
138.31524000000002,4.0556515,1.5071940422058103,20.208799362182617,1
139.09641,3.948887,1.5653132200241089,21.463300704956055,1
137.89223179903942,4.543647660622168,1.1372263220187075,18.51179313659668,1
138.45191999999997,4.6326854,1.6721205711364746,22.46910095214844,1
138.10531000000003,3.9883732,1.6364620923995972,19.662500381469727,1
138.3684590673955,4.172725433832746,1.4266373643654229,21.640512466430664,1
139.43023176043042,3.26725496535788,1.1941286663142143,19.57857894897461,1
137.65396631330168,3.3093262930810132,1.6894774825327088,21.099977493286133,1
137.78254047875907,3.6609890756953023,1.8502966385635011,21.343425750732425,1
138.54913571882688,3.848137236155134,1.4465085712846213,21.927940368652344,1
138.7737573505295,3.972036318354504,1.9272719257902489,20.854461669921875,1
138.21393434149462,3.902553056487287,1.2748500027535257,19.582054138183594,1
139.42787717594322,4.291152055377362,1.9422738386119067,23.02812957763672,1
139.2373928348499,4.73088916218269,1.71872592173396,21.400447845458984,1
138.76784365518762,3.937738782612802,1.5333108780168867,19.04952049255371,1
139.3840672622777,3.7000504471822975,1.339135076433798,20.880359649658203,1
138.56068,2.9503907,1.365004062652588,21.141799926757812,1
138.1660727864909,3.986130807262611,1.6789084552939215,21.709060668945312,1
139.2017589168412,3.8548199578959856,1.3538094650474377,22.120569229125977,1
138.24808596435685,4.117718979677356,1.981473369897264,21.30334091186523,1
137.5694190408217,4.220932854910202,1.2010357620559362,20.2842960357666,1
139.6188549550199,4.158283011586001,1.2356187063636888,22.55867576599121,1
138.4771747377704,4.104885525692985,1.4037729651405668,21.017841339111328,1
139.35739999999998,4.2664756,1.2883405685424805,21.344499588012695,1
138.6115933830486,2.819972078360587,1.4045617722286867,19.89082717895508,1
138.61500208766756,3.9920539013058383,1.5682457330157733,22.21328353881836,1
137.89849196896083,3.276371203642108,1.4478315913288884,21.089092254638672,1
138.56785894342957,3.551245209594478,1.4045012733744,19.70511817932129,1
137.9408204194644,4.225023145343681,1.2140507330848562,20.70396423339844,1
138.98619216396293,2.8881319478407055,1.707524504531562,22.562576293945312,1
138.94933019491995,3.8389920164164346,1.1277924330400997,21.70518493652344,1
138.06358802959588,3.992773457055498,1.6334991345207488,20.938390731811523,1
138.0560983064138,4.150625493592351,1.5047704704440945,20.793806076049805,1
138.4962944436231,4.164201226602248,1.988822219330149,21.854616165161133,1
139.19795,3.8471506,1.9137641191482544,22.246999740600582,1
139.1979481444921,3.847150191838197,1.9110107928348552,21.413854598999023,1
138.73637287951814,4.279224168837711,1.0647808973654542,22.22220039367676,1
139.1863735763568,2.89998088719866,1.5795006974583985,21.03093719482422,1
138.60522105135016,4.260568228123722,1.0664223972352256,22.312255859375,1
138.30891668903817,3.9802292250113,1.0701673395193856,21.955171585083008,1
137.91561373131128,4.238807252520018,1.179905751592318,21.645193099975582,1
139.28815245920524,3.2167468491079494,1.6590068890290084,21.88144302368164,1
138.07796523828952,4.753122753786668,1.651039700426421,21.56822395324707,1
137.91686305604634,3.9930327927121345,1.3078203017413208,20.79430389404297,1
137.90043000000003,3.2827512,1.5607656240463257,21.75069999694824,1
138.92202102494343,4.668686461893512,1.5644004181031503,22.25380516052246,1
138.1706742463599,4.38620803619243,1.846723393370106,22.074190139770508,1
138.29079000000002,4.069182,1.8582351207733152,21.55139923095703,1
138.9457388206647,3.729514983679491,1.7053776106617955,22.778961181640625,1
137.8578103088109,3.591721599046901,1.3185330917370002,20.283517837524418,1
139.54793646721126,3.842301385872082,1.379601528053014,22.29869842529297,1
138.83113882234892,3.171317619443327,1.1752922403966095,21.51693344116211,1
139.30451,3.9322714,1.1606613397598269,21.87569999694824,1
137.85121660305188,3.257366753831428,1.562582336673105,21.327619552612305,1
138.51163594999434,3.751581000117155,1.2896945950786838,20.512094497680664,1
138.1699893655709,3.528781318500326,1.982854577884864,19.63957977294922,1
139.14779224305272,4.282878065933738,1.4520357568697482,20.74379539489746,1
138.6595002049986,4.489111058757777,1.999353599799405,22.97416305541992,1
137.85958784834452,3.9276283430230103,1.9968220938264205,21.019561767578125,1
137.7134058865058,3.207318493655155,1.5019917533456146,21.987140655517575,1
138.63086400892584,2.923318630438636,1.5524142477171017,20.3895263671875,1
138.37141464057206,4.722956806446273,1.17322939139959,21.294775009155273,1
137.75282783139272,3.8788936653948225,1.8359146183376855,19.889705657958984,1
139.10321195884964,2.9485349841847563,1.581258656389359,19.96746063232422,1
139.555408167522,4.023029041758052,1.4722559037769931,21.19245147705078,1
138.02544999999998,3.314871,1.8105360269546509,20.755300521850582,1
139.30451,3.9322714,1.1593804359436035,21.87569999694824,1
139.186095272335,3.641906332762185,1.8912536686814836,22.8861083984375,1
138.90155276426327,4.821014760668424,1.911658150408103,22.36076545715332,1
138.94933000000003,3.8389913,1.127140998840332,22.526500701904297,1
138.3874091855634,3.1568040366851973,1.920687407797788,22.311763763427734,1
138.3085668158694,4.302405503422797,1.7168719640260168,22.755050659179688,1
139.57808999999995,4.1399644,1.2682414054870603,21.315000534057617,1
138.49348168909808,3.2206634201829383,1.658503275595924,21.61592483520508,1
138.70141404263595,3.439211186706688,1.5717512776291152,20.703678131103516,1
139.06631419947763,2.9382165849253896,1.8483592496233516,19.58708381652832,1
138.5440498481701,4.103488650917589,1.5315033314173854,20.607425689697266,1
138.73720133617664,4.001601515446583,1.9526145114425475,22.44719886779785,1
139.35837521531803,4.307911461413504,1.7370699295683616,21.716388702392575,1
138.0882029972585,3.9817857573957554,1.112426865703154,21.94007873535156,1
138.85021980744511,3.76040581501881,1.055646322722082,20.872173309326172,1
137.9004309750072,3.28275051969975,1.5663671620690558,20.92168617248535,1
138.9759403805369,3.4516041999981493,1.5973523244516448,21.260154724121097,1
138.84221118189404,3.1768796478967305,1.85843654016285,20.999858856201172,1
138.64642792785213,4.080416840375811,1.920362316022312,22.49884605407715,1
138.81848775383548,3.765033496240624,1.6120281162150134,22.766345977783203,1
138.72845695916757,3.5881725001455225,1.4054760978716905,21.201147079467773,1
139.41177,3.8277677,1.3204452991485596,20.930099487304688,1
137.8479908404349,3.816122688758462,1.4695688849608957,21.430578231811523,1
138.62922292851556,4.596635645070212,1.7017752499383236,23.26378631591797,1
137.81906000000004,4.2254022,1.6996500492095947,20.18440055847168,1
139.16573872486222,4.648781065826632,1.5236209855300635,21.518604278564453,1
137.9910725085741,3.2194835774865727,1.876953500224022,22.774940490722656,1
138.93072060117763,3.633565190170873,1.4907104662728248,20.681324005126953,1
137.72254425413655,4.4593400107042696,1.590921364528895,23.23416328430176,1
138.5200900875197,4.120464769090776,1.6440217959903738,19.887216567993164,1
138.31507726322613,4.34985579109455,1.088041682433007,20.483936309814453,1
139.01576750477244,3.66015442923293,1.9125899440901248,22.905441284179688,1
138.88698036046412,4.635840622296832,1.7640027878723326,23.31963157653809,1
137.68446003024133,3.737494678704084,1.0825785726129755,21.37728500366211,1
138.03649978484532,4.560154746254186,1.0237626051170514,20.6033935546875,1
138.65947799751103,4.6075930375327845,1.88832416158463,22.398929595947266,1
139.00363656825812,3.640106873896371,1.917754853891943,22.492286682128903,1
138.86081317222184,3.9920298607826674,1.027315621557523,21.497568130493164,1
138.6538949863951,3.034815705231339,1.848730913671702,21.5688533782959,1
138.3828928576656,3.1842259961690367,1.4731652111119649,20.0826473236084,1
139.3600897778537,3.5054732983527255,1.0969091311599926,21.48677444458008,1
138.27351,4.1416187,1.3990843296051023,21.43440055847168,1
138.08793738224855,3.868218222827223,1.159842381567136,22.085046768188477,1
138.76572889810558,3.0749726433166784,1.6315974509581217,23.390668869018555,1
138.6887782442251,4.363394719728792,1.083399062731371,21.75098991394043,1
138.024709522568,4.358260715229839,1.2019065559319553,21.113813400268555,1
138.44290252280206,4.151236199983403,1.6594354256201758,21.66761589050293,1
139.15891848017492,4.560397626308493,1.1352243217151612,21.500164031982425,1
137.80334956826488,4.013181178609455,1.8541993888702129,22.912912368774418,1
138.20357,3.9708598,1.4739608764648438,21.58180046081543,1
138.667792665515,3.5324723459057004,1.0335676623435062,21.99230194091797,1
138.357256534927,3.800280882470452,1.997350763336969,20.19063377380371,1
138.83955061218404,3.113027243506429,1.5585438580871367,22.645851135253903,1
137.89902685227756,3.049678046988102,1.3403879053301424,21.575483322143555,1
138.31472204481264,3.710635812413668,1.8926493564470472,23.085063934326172,1
139.34500397320778,3.9136595762498914,1.39292114533239,20.422266006469727,1
138.47404405883026,3.885920925981599,1.5322421662001722,19.97435760498047,1
138.77973693510793,3.667805963558661,1.7019754614741385,21.809898376464844,1
138.2912961792805,4.521448458260764,1.7288644839285976,20.982460021972656,1
138.73081000000002,4.2746794,1.932400822639465,20.86429977416992,1
138.33776999999998,3.765269,1.5404154062271118,22.533100128173828,1
138.95862472180147,3.199173591939978,1.2130430451649985,20.36927032470703,1
137.55351209719393,3.955523570241654,1.2028244558140562,20.88286781311035,1
137.6790624219579,3.441782881263133,1.6006306884168924,22.23496437072754,1
138.1464154433553,4.355806843446532,1.1041194879023986,20.218793869018555,1
138.80158744091565,4.054650969982014,1.6317680140260518,21.921920776367188,1
137.80032619449645,3.893383645767284,1.02688970214826,21.62702751159668,1
139.423,4.6035517,1.6385618448257446,21.319700241088867,1
137.68221301083034,4.1403035252365985,1.867746686962388,22.254060745239254,1
137.8455146814798,3.429670205042613,1.4456712407050594,21.617218017578125,1
139.55541,4.0230345,1.4702039957046509,21.999799728393555,1
139.19685220141912,3.6022392670270853,1.473778039064104,21.512237548828125,1
137.8712043381187,4.0112038712795535,1.575670540327096,21.254390716552734,1
138.61313768498948,4.530195448647011,1.9112537731700037,23.070825576782227,1
139.34874368948223,3.803707522407322,1.356309607243186,21.388721466064453,1
138.788831060203,3.272616690279706,1.1793832848969232,21.691349029541016,1
138.44468136277328,4.44722873170348,1.9708384944456068,22.295063018798828,1
139.5044861899204,3.319505592560654,1.4729985129619128,21.503477096557617,1
137.99497976246877,3.701605566432695,1.8312697672037843,22.132003784179688,1
137.81906157512606,4.225401230277716,1.699133622613994,19.355113983154297,1
138.14738,3.2421506,1.917733669281006,21.836700439453125,1
137.77445173307422,4.405895972311222,1.7281368542844044,22.054773330688477,1
138.43286656218993,3.788705945426418,1.3068338429444348,21.080808639526367,1
138.49859000000004,4.643407,1.0715330839157104,20.81290054321289,1
138.54406,4.1034848,1.5320929288864136,21.466899871826172,1
138.76711817250987,4.105064161726705,1.7001142257882318,21.229839324951172,1
139.71851548419443,4.033421599818585,1.275868937211217,21.0850887298584,1
138.45798308501,4.047654225624239,1.3280878549131343,22.41444206237793,1
139.32280855158243,4.478087767892757,1.58353333872218,22.691869735717773,1
138.84088780423548,4.223084233839559,1.4769913672915258,21.10362243652344,1
137.78359558090511,3.6424523145030703,1.8404321995781376,21.770679473876953,1
139.1076000730616,3.2435044770323613,1.7378778835930326,21.315475463867188,1
139.13109079549128,2.930335517172505,1.4448690042622632,19.39647102355957,1
138.44509570767792,3.63599620234705,1.27276944510191,21.810962677001953,1
138.20560054835266,3.962801245076061,1.9675122190774312,22.35273170471191,1
137.72239833870043,4.118274435360599,1.2501073992568807,20.112628936767575,1
138.55978393627746,4.1257913796915435,1.6569394424778767,20.987831115722656,1
138.41487565030494,4.34714186201081,1.8681372893249089,20.87313461303711,1
139.19795,3.8471506,1.9079766273498535,22.246999740600582,1
137.9684747666849,3.375410547238247,1.6471806908063449,22.218198776245117,1
138.14238999999998,3.2196946,1.6499849557876587,21.607999801635746,1
137.67209000000005,3.4658626,1.3219637870788574,21.57693672180176,1
139.00756232355403,3.963389629137709,1.0806471267919922,21.322399139404297,1
139.26522558698264,3.937242664933894,1.828218785104243,21.37037467956543,1
139.30475492727356,3.3004689559830966,1.8625859230321864,20.25013732910156,1
139.26521066343406,4.220460104840633,1.1972848360177184,20.59280014038086,1
137.77254656469077,4.524095168366599,1.711524618750979,22.625301361083984,1
138.74968701786514,4.830932867956131,1.6029342159190214,21.738048553466797,1
138.15135934827202,3.006057035176995,1.8768490245801537,22.476539611816406,1
138.22671091351643,4.137496312351585,1.502960701669648,21.359325408935547,1
139.48352999999997,3.2532597,1.1642175912857056,20.866500854492188,1
137.86237162716213,4.32536960712328,1.5841484100576255,21.21752166748047,1
138.24185750659385,3.0005227243408736,1.0663663901924592,21.38919448852539,1
139.37113348081314,4.549306057628284,1.103654774199784,21.29471206665039,1
139.60959502790166,4.2267594924092995,1.2347786254762652,21.068836212158203,1
137.796419637725,3.784736965265191,1.1986750678460203,20.942798614501953,1
139.30263291085635,3.803315069133841,1.358908799013098,20.494895935058594,1
138.74866988128494,3.5099130974293473,1.5275674010146474,22.3552188873291,1
138.02415383819994,3.803039320441661,1.1939767818209603,20.13302993774414,1
139.48352718631273,3.2532596693208804,1.1644784482011277,20.038793563842773,1
138.82080610333736,2.9762728112473185,1.953433429849538,22.17613220214844,1
139.04868554874196,2.917318335701488,1.9798407833287783,21.902250289916992,1
138.4216961078086,4.10228736207103,1.188313387413833,22.39153480529785,1
139.2753249237288,4.4876848813691455,1.849505206502789,22.810346603393555,1
137.8181666717515,4.538199691362527,1.8379236248298083,22.686595916748047,1
138.51164,3.7515815,1.288582682609558,21.334699630737305,1
138.4828976671649,4.937508914436917,1.742884047695126,19.70643424987793,1
138.957550241207,4.572971371653772,1.9135143495323683,22.328880310058594,1
138.6495648122522,4.138163050159359,1.3979162029138814,21.59038734436035,1
138.87486759022286,4.022807318191777,1.618536027514846,20.090408325195312,1
138.56069032224818,2.950383600227924,1.3650210210095133,20.305166244506836,1
137.6165735184442,4.183174026932748,1.5981314691307185,20.63197326660156,1
138.27226652566287,3.6375478569597095,1.6713186674635176,22.198436737060547,1
139.40238601000817,3.8855123899221735,1.7150632793523175,21.63538932800293,1
139.35739936502569,4.2664756251097256,1.2830762062054903,20.51507568359375,1
139.44690221177353,3.0827647649532297,1.4310445526611106,21.44457244873047,1
137.74426004842036,4.030301739102153,1.649013229072918,21.82244300842285,1
138.8059126943243,3.595978018518632,1.9499563841522332,20.80007553100586,1
138.5706513852558,3.5053000339427043,1.1232540598791894,21.67852783203125,1
138.0835243713821,4.36044826204502,1.496075214705501,22.406787872314453,1
138.64396342566062,3.998218287561512,1.658665279120984,20.660823822021484,1
137.81487000000004,3.4455531,1.7199314832687378,20.691999435424805,1
137.94148030329052,4.577522134885343,1.9462777894576155,21.74346160888672,1
138.7589744530963,2.9227423340337695,1.3337759083035938,22.07748031616211,1
137.79642,3.7847367,1.196596384048462,21.77669906616211,1
138.99451462511428,3.8471924307140255,1.9907109450726197,19.825899124145508,1
138.98207667189502,4.681680583734701,1.3867877078386803,22.054218292236328,1
139.06056,4.3134186,1.347626805305481,22.0310001373291,1
138.6455823006493,4.592603927494711,1.6951167123143518,22.932418823242188,1
138.45938785691544,3.540769052652987,1.815543449961496,21.20544052124023,1
138.41488000000004,4.3471419,1.8646562099456787,21.702600479125977,1
137.97785,3.6880453,1.086689829826355,21.45319938659668,1
138.23577871366618,3.714332713636392,1.027931270871965,22.08767890930176,1
138.44284599260507,3.7577969239067577,1.8595720652580243,22.052087783813477,1
138.16967799635103,4.135254645976929,1.5701436226981067,22.28417205810547,1
138.40722091444198,4.126519203947798,1.1945714108176486,22.094812393188477,1
139.50287000000003,3.9441598,1.4653469324111938,21.671300888061523,1
138.37442613681472,4.020436543513275,1.5956007735114068,19.224292755126953,1
138.4963280113957,3.572260582200387,1.361762372064331,19.905349731445312,1
138.97968291508167,3.061062758434062,1.960481797849052,21.69465446472168,1
138.46329789664728,3.349731875426912,1.726119372443127,20.351593017578125,1
137.99802,3.7935089,1.0447421073913574,22.616199493408203,1
139.34505253066052,3.1313327745831807,1.18625630677441,19.69883728027344,1
138.10051999999996,3.4846648,1.0656198263168335,21.91046142578125,1
139.06056093990745,4.313417882136289,1.3488532427339082,21.204137802124023,1
138.70104232600005,3.17758124876709,1.19108569763701,20.3483829498291,1
138.8107841218117,3.3805799467152493,1.4139326095218527,19.90420150756836,1
139.52084858114878,4.546950381455033,1.9018412313716708,21.88830947875977,1
139.56514000000004,3.5371932,1.0023510456085205,20.21980094909668,1
138.42061,3.0366539,1.2743030786514282,21.680112838745117,1
138.95445226039337,4.889287768099947,1.9734111734737425,19.569915771484375,1
137.85122,3.2573657,1.5606186389923096,22.14800071716309,1
137.61657000000002,4.1831728,1.5981172323226929,21.46339988708496,1
139.66789193033182,3.924954503722312,1.7456429877141495,20.62519264221191,1
137.95437340424567,4.023868900161566,1.8145225436569343,22.447803497314453,1
138.22180254627804,3.7269601843546782,1.9469757851317089,20.885414123535156,1
138.42563025372056,4.4412636756596395,1.3696643496151018,21.20470809936523,1
138.64127415467902,4.164186816478029,1.4939738458250975,22.412384033203125,1
139.14728404043106,3.005495710718049,1.414573380858224,22.227991104125977,1
138.41082413644153,4.242600489231932,1.5517515740771384,22.15830993652344,1
139.54428111720983,3.428810696500841,1.8987085776036696,22.07642364501953,1
137.82946968746708,3.5222031104750537,1.89016386829328,22.876541137695312,1
139.40648720359596,3.96499149109314,1.1962313693053377,19.41121482849121,1
139.02509846119034,3.900437797076678,1.3517941382510867,22.467857360839844,1
139.2288408149591,4.6940891731621015,1.3416987502397066,21.992076873779297,1
138.0537043341793,3.5143683409198574,1.4161706939814216,21.748430252075195,1
138.21434354077513,3.701205809838101,1.3321185507591462,21.984214782714844,1
138.27350888049983,4.141618662656829,1.3970658077001394,20.62224006652832,1
139.30367045740834,3.964311617864895,1.4196514959874216,21.628719329833984,1
138.48037280768406,4.369145108641858,1.146009821832839,21.949445724487305,1
138.83937928386172,2.9319786487251394,1.7644999082985682,21.48069953918457,1
137.89552100335212,4.581966312130432,1.1394099094692889,20.397859573364254,1
138.9106493594296,4.6277359008199,1.927039569520178,23.04564666748047,1
137.62144706705723,3.94510727918848,1.6969697490958635,20.0885066986084,1
139.30588673320148,3.3151547723121695,1.9350143480770123,20.743228912353516,1
138.77931385036007,3.190146432496639,1.191485204095629,21.587705612182617,1
139.58250059717113,3.413275669203464,1.1965795247343254,21.45543670654297,1
138.3807469136299,2.758516218351919,1.4909440209675413,19.241289138793945,1
138.8567460815256,3.753081274812616,1.952360968824827,19.665449142456055,1
138.12752396858048,3.448802403857821,1.1917518947455346,21.339338302612305,1
139.28587568282688,3.602032844346474,1.4246362436106383,21.83142471313477,1
137.78946161926262,4.341407664088345,1.427399680332878,21.22718811035156,1
137.8634629370857,3.4594814034202375,1.7428094240275709,20.98822784423828,1
138.7296064707763,4.380864687765866,1.0829198820302268,22.287771224975582,1
138.43126257994322,3.290757573957741,1.8371368768964584,22.65781593322754,1
138.85112047848395,3.7235779014824497,1.2030063735984684,21.439300537109375,1
137.81958894656438,4.29824810571885,1.1285631917271923,22.766019821166992,1
138.96550384021725,4.208145124679676,1.7456347569955024,21.732582092285156,1
137.97785309246595,3.688045328158396,1.0853754696075326,20.619243621826172,1
137.9766469473501,4.445844208616058,1.7652137329344852,22.840110778808594,1
139.12283461025126,3.3449013028833665,1.9023857769914696,21.37268829345703,1
138.9592722580017,3.710986607453804,1.4726762968918536,21.92436408996582,1
139.41176720674594,3.827767221396994,1.3185321961478906,20.098241806030273,1
137.59316197414205,3.717093156050393,1.8412367403545145,21.867610931396484,1
138.35637923555703,4.402665572374173,1.347512215729673,23.031896591186523,1
139.21443247399293,3.365370520890517,1.390725083654058,20.37325096130371,1
138.39333994091513,4.7387560549623435,1.9039787293038608,21.89319229125977,1
138.73053193209574,4.931291383986902,1.9139667946944472,20.70970916748047,1
138.40467404058438,3.9971758221816063,1.2064894150400247,20.10995864868164,1
139.14538414172156,4.4788088954989265,1.5152880746122015,21.64618682861328,1
138.91120670857475,3.4839166750763284,1.666087179589422,22.563615798950195,1
139.26756059678874,3.619596708986202,1.947022009792231,21.55813789367676,1
138.7308100648253,4.274679688335825,1.937797636129043,20.03384780883789,1
137.69089750032583,3.5129404475354287,1.7211006321584792,23.106449127197266,1
138.48372394396108,3.023748275918484,1.355415321682805,21.096220016479492,1
139.1500031730537,3.643245165288343,1.1209319492239584,19.569679260253903,1
138.44723923935106,4.780994255181367,1.662162054140451,22.600008010864254,1
139.16512999999998,3.5493405,1.189693808555603,20.188899993896484,1
138.14514742186154,4.560410097184905,1.020055274652678,21.348283767700195,1
138.15800243120813,4.400947617244779,1.095315769819354,21.72796058654785,1
137.89552000000003,4.5819663,1.138593673706055,21.217599868774418,1
138.29832117386653,3.43716753504209,1.876862507420514,20.561792373657227,1
138.35391453935614,3.551605216076586,1.9854239488932488,22.760086059570312,1
138.8542673540215,4.429896608326671,1.0727356659037,19.318803787231445,1
138.4791570055877,3.0968352007729907,1.4938458510952757,19.545879364013672,1
138.50925010298346,4.335133963262157,1.0735053664529368,22.856460571289062,1
138.14738198657443,3.2421505643758537,1.9250281742598865,21.009428024291992,1
139.15891999999997,4.5603989,1.139293551445007,22.336700439453125,1
138.82534244742428,3.728847276612607,1.4710004884948416,19.94634437561035,1
138.8278286871058,3.1155072640738735,1.0057297682978252,20.88239097595215,1
138.14635495837288,3.3305394777981436,1.9313696809090457,23.463218688964844,1
138.9690582216417,4.298300533863452,1.9361005015679664,21.129791259765625,1
139.16513162844515,3.549339151888653,1.1891195487043555,19.361608505249023,1
138.8642154075314,3.51540195679508,1.540981451754288,21.88408660888672,1
138.87716694877503,3.650638065900034,1.6691584164204762,19.798873901367188,1
139.75041353295484,3.9527980268967937,1.9149570336624744,22.875389099121097,1
137.98046038523503,4.5728739540324534,1.6033784564381444,22.6187801361084,1
139.37240824057443,3.9014905547713448,1.4532288581860204,21.278125762939453,1
138.8255192753028,4.757163646347825,1.1689264188943052,21.954927444458008,1
139.23410291397158,4.766861907478654,1.9615379860345572,22.56744384765625,1
137.91366014486758,4.169603128617381,1.2291275069785297,22.0599422454834,1
139.42300233906045,4.603553939628783,1.6374465558333666,20.486669540405273,1
139.56514000000004,3.5371932,1.001796007156372,20.21980094909668,1
139.53872106735366,3.826081159620745,1.4760908717081105,22.74909019470215,1
138.14841726871018,3.122215576860998,1.167370428856675,21.56477928161621,1
138.45068979268922,4.517726488841152,1.6618408225796095,20.174087524414062,1
138.83240671492632,4.422723601668749,1.0548101101304843,22.567737579345703,1
139.6816671123367,3.5202657740955523,1.1910087751042218,21.16482925415039,1
138.3894824958292,3.2289608703832524,1.0563859523937276,22.46205711364746,1
139.0664398525962,4.242389315036823,1.9457749792503312,20.76168441772461,1
137.9411750766359,4.077009332829763,1.6712718202740244,23.562013626098633,1
139.40378676360476,4.293630318120325,1.528265328622224,19.76883316040039,1
138.09884546471227,3.6420855129710312,1.0254999400158866,22.415605545043945,1
138.82192209628917,3.623099857279806,1.977486566011245,19.35059356689453,1
138.48944704409948,3.9176798472141554,1.310143810899229,20.48169708251953,1
137.81486551622532,3.4455539807220785,1.718237307743174,19.862838745117188,1
137.8733243712641,3.5449864097159964,1.7698460440239678,21.082862854003903,1
137.75482456910223,3.841011877918293,1.135444769683312,20.864660263061523,1
138.45446393246957,3.310590100431078,1.0771664597051571,20.54708671569824,1
138.28254233284818,4.132472425172123,1.398861819097358,22.379323959350582,1
139.1713949503614,3.371558179736826,1.3651964093729414,20.490137100219727,1
138.84221000000002,3.1768796,1.8609068393707275,21.822900772094727,1
138.4985915834695,4.643406200765336,1.076685692549706,19.981212615966797,1
139.56966498742827,4.325948374739004,1.0160851335266254,21.082509994506836,1
138.29078826159605,4.069181973621774,1.858555648663696,20.721454620361328,1
138.71146202235045,3.7661638849383903,1.4721012367540065,21.63732528686523,1
138.02545242876118,3.3148722762577427,1.8100237178673777,19.92770004272461,1
137.93414626114082,3.5263906401099225,1.5088360507099907,22.741687774658203,1
138.27486711431033,4.030674468724278,1.6616954949308238,19.984779357910156,1
138.09049501234307,4.593220047079584,1.356488887710772,21.87343406677246,1
139.5634895761934,4.266468103538685,1.1823211765909891,22.39468765258789,1
138.40873310468885,4.956040076766902,1.7030828335758872,23.339693069458008,1
138.67655512078326,3.9728454807982576,1.2363023346947009,22.79682159423828,1
139.35739999999998,4.2664756,1.2958636283874512,21.344499588012695,1
139.55520662441282,4.462218016797218,1.111217290384484,22.353425979614254,1
138.48207005580954,3.4752272637792525,1.4902823020947484,22.540512084960938,1
138.4103910058444,3.8475292889538046,1.6251190767112451,22.423742294311523,1
137.8295043317857,4.477596484488361,1.296786240720398,20.32457160949707,1
137.99802,3.7935089,1.0450773239135742,22.616199493408203,1
138.66918572030994,4.896414957190099,1.6647262546017252,22.830968856811523,1
139.21404,4.2924737,1.012629747390747,20.77521514892578,1
138.46480418776017,3.1924824510799494,1.66532082452681,22.51211166381836,1
138.08719035226056,4.733903110853014,1.1289419189114744,20.867101669311523,1
138.80592,3.595979,1.9519767761230469,21.604900360107425,1
137.5813391406737,3.8074413660487094,1.648620228778456,22.098791122436523,1
138.98644389871708,3.968321507771209,0.4575483646051693,19.12202835083008,1
138.27242,3.465504,0.8851609826087952,20.27589988708496,1
139.36441780752864,3.506911465331243,2.2232724230488934,19.937496185302734,1
138.61509142640253,4.740616033133981,2.2626647393230788,21.77039337158203,1
139.42345,3.6702426,0.5387964844703674,18.704700469970703,1
138.94948,3.9676045,2.6659095287323,21.085105895996097,1
138.27241897213383,3.4654999204054593,0.8844361726033081,19.446090698242188,1
138.92405131214002,3.549757088272728,2.4157468013935324,19.801836013793945,1
138.64461883854514,2.854367493382579,0.5120589541756472,20.577659606933594,1
138.2634,3.019005,0.6026197671890259,20.799224853515625,1
138.2634017105008,3.0190050024200112,0.6030861248464173,20.294170379638672,1
138.71523000000002,2.8268613,0.3899273574352264,20.676000595092773,1
138.3269684773962,4.352334818981456,0.8115248860047888,21.735387802124023,1
137.98359984614206,3.632821106408478,2.062873522992267,18.753902435302734,1
138.6104287982288,4.014886657265244,0.7324211706250751,21.26344871520996,1
139.02940374229104,3.4204876267901696,0.711468755064212,19.48084831237793,1
139.0609816252226,4.753662020038778,0.5817412340746274,20.14181900024414,1
139.05465769825696,3.1523912431673553,2.1843215681023205,21.43854522705078,1
139.39051431827656,3.820469115801793,2.3819688179427296,20.91720199584961,1
139.0609816252226,4.753662020038778,0.5818329308736199,20.14181900024414,1
139.4234539439058,3.670242562124902,0.5370089612040014,17.882068634033203,1
138.7152261700664,2.8268613170162245,0.3897936578445452,19.752796173095703,1
138.94949395270788,3.967568779925083,2.6629475035849777,20.788637161254883,1
138.2108957514412,3.8727049360523127,0.2076982624053656,17.946683883666992,1
138.7663,4.4665221,0.3106950521469116,20.128700256347656,1
138.76002932095383,4.517167751663908,3.201024030545695,20.260969161987305,1
137.69454024835616,4.246768871895305,2.3795592939751224,19.18899154663086,1
139.457838211045,4.494457089261331,2.281349580117149,21.75542640686035,1
139.23204446329385,4.728786778108388,0.1763721593452893,19.294021606445312,1
139.54649,3.4064816,0.4827731847763061,20.66875457763672,1
137.72187428633325,4.3085690058456105,0.1071122634269315,17.188213348388672,1
138.92599,3.0876263,0.6280691623687744,20.46222496032715,1
138.87683237743613,4.383270734478733,2.659115559554099,18.89529037475586,1
137.85639543991297,3.706665820568016,0.8542993986336264,20.202177047729492,1
139.43428746859735,4.599380609869061,2.1805306558672006,21.40855598449707,1
139.62861757771927,3.919468504488831,2.0218524470099224,19.14982795715332,1
138.14941729935242,3.0188746770618655,0.904616626274198,21.013227462768555,1
137.82986,3.1980579,0.7210243344306946,18.090499877929688,1
139.11170810154792,3.4681451623850856,0.326938405315089,18.66499900817871,1
138.7422612595036,3.7086927564487833,2.5550594598417695,20.734750747680664,1
138.88203472503668,4.109498834798304,2.592583004275183,20.25701141357422,1
137.82986,3.1980579,0.7210460305213928,18.090499877929688,1
138.23780776150545,2.9392403756804697,0.721480603215482,21.1702938079834,1
138.07299357493358,3.0056815365844582,0.5982631495844327,21.516876220703125,1
138.9042257988161,4.823546671023424,2.260360361261916,21.166183471679688,1
138.76003000000003,4.5171659,3.2294647693634033,21.09029960632324,1
139.36442,3.5069082,2.2266368865966797,20.767499923706055,1
138.94529999999995,3.8028774,2.368666887283325,20.854454040527344,1
138.61043,4.0148875,0.731928288936615,22.085399627685547,1
139.39051,3.8204699,2.3844735622406006,21.741600036621097,1
138.31842277241785,3.622225151214563,2.0036595310829437,19.025373458862305,1
139.65508158546135,3.4928896274289825,0.8665633465528623,21.705425262451172,1
137.72789191951426,4.213455176724336,0.6447973018849823,19.66863441467285,1
138.59166524050335,2.8601041389333637,0.9343434104425602,21.450220108032227,1
138.42195431637643,3.794501734770653,0.5592250515360586,18.93766975402832,1
138.6579724671747,2.7664577751331665,0.4270268859349622,19.663463592529297,1
138.49311999999998,2.84607,0.1510802656412124,0.0,1
139.10324500077732,4.162039275278447,0.3151766964330829,17.92207145690918,1
138.86497724690514,4.799045907055949,0.6199693514636152,21.65219497680664,1
138.6816677833385,4.112648819520318,2.562661207610231,20.18656539916992,1
139.05466,3.1523905,2.192304849624634,22.264299392700195,1
138.9896197639492,3.126212877201269,0.4960947385380309,20.036102294921875,1
139.13648,3.9413882,0.8384982943534851,20.728199005126953,1
138.59166,2.8601028,0.9348738789558412,19.681982040405273,1
137.69453999999996,4.2467699,2.383544683456421,20.023399353027344,1
138.92404999999997,3.5497568,2.4233763217926025,20.6299991607666,1
139.28899,3.6261354,2.105299711227417,19.62846946716309,1
138.94948999999997,3.9675688,2.668330430984497,21.620500564575195,1
138.31842277241785,3.622225151214563,2.0032317908822357,19.025373458862305,1
139.17932359913607,3.230235339146856,2.358932514186817,20.755599975585938,1
138.76003000000003,4.5171806,3.2480995655059814,20.452842712402344,1
138.80763000000002,3.7104546,2.0980515480041504,19.029048919677734,1
138.68167,4.1126575,2.5664279460906982,20.372291564941406,1
138.86498,4.7990439,0.6198325157165527,22.479400634765625,1
138.87683000000004,4.3832824,2.648556709289551,18.798397064208984,1
139.13648,3.9413882,0.8384840488433838,20.728199005126953,1
138.9896197639492,3.126212877201269,0.4960297269052203,20.036102294921875,1
138.88203,4.109505,2.5945968627929688,20.52827262878418,1
138.42195000000004,3.7945013,0.5604627728462219,19.76420021057129,1
138.97344573148115,3.640675560344563,2.049775673370565,20.44242286682129,1
139.06097999999997,4.7536591,0.5817213654518127,21.81410026550293,1
138.96301489490247,3.470380891674865,0.4603538845820395,20.474458694458008,1
138.7152261700664,2.8268613170162245,0.389751004664276,19.752796173095703,1
138.95456027592323,3.0313975749545534,0.7682706497446308,19.98007583618164,1
138.96523270310794,4.792325300174516,0.1087795579256897,16.959444046020508,1
139.22044904268347,2.9297454759152024,0.6799975903212779,21.446693420410156,1
139.28898513497955,3.626134568979196,2.119459968013559,19.549638748168945,1
138.7663,4.4665221,0.3106823861598968,20.128700256347656,1
138.53941991942992,3.831350836075592,0.5379967014248346,18.77701187133789,1
138.42195431637643,3.794501734770653,0.5591733049345246,18.93766975402832,1
138.8545103982834,3.2384269917859343,2.616826329062546,21.16206741333008,1
137.72789,4.2134551,0.6441928744316101,20.50349998474121,1
138.94529330743086,3.802840324450087,2.383408505626591,20.592174530029297,1
138.59870999999998,3.7997041,0.5839112401008606,22.14139938354492,1
137.70398029849665,3.5718647071156853,0.9523128884093066,21.955482482910156,1
138.66676108707543,3.733636522752182,2.0950811822797344,19.92088508605957,1
138.18222000000003,4.4550456,0.7728091478347778,21.99020004272461,1
138.4854559781271,2.9324382273267697,3.801637090554391,20.024168014526367,1
139.46185889652085,3.3134695521099573,0.7397821110432654,20.43987464904785,1
138.20041269030625,4.759673383725185,2.273289361845418,22.97992897033691,1
138.83006,3.0285474,0.4359795153141022,21.16830062866211,1
139.0851116920337,4.784446245266427,1.3234367412676091,21.174421310424805,1
139.49788295416,3.497533612668913,2.414694052196531,22.404829025268555,1
137.69334238815742,4.249584009952401,2.044972489647109,19.247203826904297,1
138.55978,4.1257918,1.653759241104126,21.81730079650879,1
139.33079981973657,3.435983244409681,1.4727770069801631,22.567602157592773,1
139.26749301365922,4.13040334778843,0.8245193632892968,20.664766311645508,1
138.33370000000002,3.6842515,0.925247311592102,21.684999465942383,1
138.41391,4.8160349,0.2679351270198822,21.128599166870117,1
137.89606000000003,3.3981131,0.7153002619743347,22.06130027770996,1
138.95949125632114,3.999628514071432,0.9498445737977388,21.99464225769043,1
139.64654801957556,3.4459616006978044,0.8216835498480743,22.76421165466309,1
139.02214918992746,4.434441082138984,3.141855762319048,21.877687454223633,1
138.10005852272903,4.065193235643199,0.4032904438466019,19.822589874267575,1
139.22818403682123,3.586678643215925,1.902228123088448,22.235370635986328,1
139.0973103765053,3.181121551258925,3.050032110453972,21.495948791503903,1
138.19166,3.9054736,0.5427708625793457,22.095399856567383,1
137.77229990610402,3.745366867590661,0.2344307334728693,18.6641845703125,1
138.47121000000004,3.8177787,0.546635091304779,21.50329971313477,1
139.05214320777355,3.6011819586408196,0.4155700351825779,19.89596176147461,1
139.27919046799477,4.730267197004945,1.3606544269244782,20.196306228637695,1
138.12689711201162,3.527614298368058,3.743750356620265,21.02666473388672,1
139.33852353591823,4.529974252773174,0.3412203125063913,20.155494689941406,1
138.59846332818114,3.458060606940658,1.5041050308150008,20.684505462646484,1
138.47209040584676,3.923996353257519,2.51346471173001,22.319793701171875,1
138.78181070224213,4.93934454768325,2.0487828058276754,22.289783477783203,1
139.4907238794048,3.222983120090716,0.9940923153462224,20.9739990234375,1
138.93454686132569,3.451301799993955,3.1344935008588495,21.497358322143555,1
139.14020482852635,3.0707607237832946,2.013906131430082,19.687822341918945,1
137.62892345679597,3.920293984744585,1.6531044508457882,21.411211013793945,1
138.37084916125454,3.610773661000602,2.888588380255282,20.473670959472656,1
139.3624012850076,3.9519376744536494,2.3579742656791844,22.65583610534668,1
138.10005999999998,4.0651932,0.403076022863388,20.822500228881836,1
139.0562,3.6644426,0.9520612955093384,20.5851993560791,1
139.3585382933362,3.454715875326938,1.820632099392466,22.63163375854492,1
139.49929573089622,4.035795738483139,2.3768757546566417,18.93535041809082,1
139.22965,4.6799977,0.5250225067138672,21.61912727355957,1
138.50519345724408,2.967230682954789,1.8805368154365367,22.66107749938965,1
139.6911030250239,3.830519477972372,2.9019906172776726,21.20026206970215,1
138.33451130449438,3.7890633832467824,2.0739028487805444,22.27062225341797,1
138.37715307561723,3.796418403493998,2.4216213881585085,22.516206741333008,1
138.83006,3.0285474,0.4360193312168121,21.16830062866211,1
138.24077329795116,4.339758190895469,2.8101383361741523,22.107118606567383,1
138.02003231150124,4.121349995475704,2.8620356436778303,20.68825340270996,1
138.08718999999996,4.7339031,1.1289894580841064,21.69969940185547,1
137.97848813532113,3.9567365983633302,2.723480710548117,20.86141014099121,1
137.68551000000002,4.4622104,2.2621264457702637,21.049800872802734,1
138.30712297298712,3.221978211051701,0.2448346743027587,18.23322296142578,1
137.8975340723616,3.4985737369881966,2.288122189178192,21.87779426574707,1
138.35389080855035,2.9841756151741325,2.293968893990631,21.616607666015625,1
139.11009256201024,3.23870027761492,2.076782597219523,21.83335876464844,1
138.40572957564336,4.7376923279849485,0.8532196491778484,19.018028259277344,1
139.20737215209476,4.620285478471402,2.378787177994112,21.78202247619629,1
138.81692818355768,3.1051747272728454,0.8801171869606298,20.91362953186035,1
139.0762742914448,4.3649967469555095,2.2918913848039204,22.23576545715332,1
139.20048658945285,3.6453432615418904,1.416364876030612,19.817283630371097,1
139.12315634817767,4.749034616944653,0.5824697896654734,20.028820037841797,1
138.76495620188695,4.203791892575622,0.3194135692964388,19.005138397216797,1
139.42110000000002,4.4759018,0.4129416346549988,21.705699920654297,1
138.783427846675,4.88780585565483,0.2549526032155555,17.734699249267578,1
138.68164602878903,3.902426851355593,0.3171275616019115,19.551464080810547,1
139.44958069099337,4.45891348050148,2.081053314104972,22.83268928527832,1
138.20211930851622,3.2232973816796173,0.5459446403673991,20.638992309570312,1
138.10129624796042,4.39773162819636,1.0874058724994848,21.449310302734375,1
138.5581532601376,3.895975712325583,2.713562577785789,22.286197662353516,1
138.06518,3.1224486,0.7372743487358093,22.242900848388672,1
138.65381000000002,3.0748877,0.9471914172172546,21.55039978027344,1
138.95478637038693,3.200043098088929,2.5513818147741643,23.083648681640625,1
137.8636119540715,4.527194977167377,2.278919721731167,21.766660690307617,1
138.60413579029574,2.9601152204988854,2.022944726749379,21.215471267700195,1
139.25321272662973,4.1198318698605245,0.5860929979908277,19.960838317871097,1
139.28065045723417,3.1911220745162807,2.8077176813624716,22.33339500427246,1
139.05214,3.601182,0.4163134694099426,21.17840003967285,1
139.18258412202195,2.9821610028591907,2.416714612735716,22.03251838684082,1
138.67651999999998,4.8745179,2.2084765434265137,20.386444091796875,1
138.3157540335037,3.2977697310245397,2.2113572260905894,21.337114334106445,1
139.1064487048233,4.4598796653259445,2.289207095823379,23.764503479003903,1
138.35881256341992,4.744749112972506,3.19569314006502,21.56012725830078,1
138.5856021605134,4.836521178339132,3.965072296597003,22.62350273132324,1
139.29584222093789,2.967338186538139,2.858948239053206,20.858722686767575,1
137.52907,3.7562224,0.4575073421001434,20.885499954223633,1
138.22473507770633,4.227899283393972,3.9390517585947418,21.055593490600582,1
138.72250098727923,4.878296048874766,2.5577731602997096,22.28705787658691,1
138.77074137389278,3.8649756409914287,1.643841417079398,22.13399887084961,1
139.50287000000003,3.9441598,1.4637842178344729,21.671300888061523,1
139.48564999999996,3.170507,2.0862958431243896,20.73740005493164,1
139.0243030054591,4.114927310439088,2.3236110325571016,20.095428466796875,1
138.95485141071816,2.841613662258246,2.2368092044946977,22.24352645874023,1
137.71029,3.2370969,0.5451270937919617,22.197799682617188,1
137.8040417287871,3.400276598762012,1.414161092659744,21.58946228027344,1
137.80551205846177,4.413192914174677,2.636103724602035,21.940845489501953,1
139.55212286026722,4.212671640582152,2.289874233874547,21.831600189208984,1
138.02091667702473,3.982460698935177,0.797469462513835,21.689800262451172,1
139.21249179550097,3.54291511604915,2.059192498581815,22.63270568847656,1
139.15615000000005,3.1583472,0.5628443360328674,21.997100830078125,1
138.15885000000003,4.1074186,0.453076034784317,20.642499923706055,1
139.03691300820415,3.2105235446473204,2.2431888293358977,22.54340362548828,1
138.66014821491635,4.950196767724275,2.4962262136904383,22.24541664123535,1
139.15336977901916,3.4923483105834214,2.108510189978451,22.14531898498535,1
138.87870918580438,3.3125135914466424,0.4762986394648787,20.048036575317383,1
138.61081260106477,3.4423572362757735,0.7899713504621214,21.445707321166992,1
137.65828999999997,4.1291491,0.5883234143257141,21.221080780029297,1
137.85210422303064,4.168522606646281,2.4986857161284433,21.19529914855957,1
139.44382059008774,4.406372009276071,0.6181313563250783,19.081260681152344,1
138.3713680278145,3.043049667887791,0.7662876951435073,20.487258911132812,1
137.84667012588048,3.409048642298189,2.744417616206749,22.075572967529297,1
138.75822069384623,3.3409179291288513,1.0817884191216751,21.597869873046875,1
138.80526936987144,4.324938493874227,2.01051599598423,21.632699966430664,1
138.91909044745546,3.264981793166148,1.543369521982592,21.755462646484375,1
138.09658946467923,4.580925318806358,1.211360242964635,20.214797973632812,1
138.7916107332065,3.3950163865931917,3.0798914281570444,21.224658966064453,1
138.0895761391888,3.1340324681100276,1.4973305128195071,20.752595901489254,1
138.03241229544005,4.022164978951485,2.1213758607119093,22.374540328979492,1
137.67211360511556,3.3085155182413297,2.833483415778614,22.286865234375,1
138.69841225689183,3.2556019914016665,2.0228536812066187,21.463380813598633,1
139.61543,3.8265555,0.8265542387962341,21.96190071105957,1
137.67683,3.5505404,0.7527543306350708,21.559900283813477,1
137.5641765434781,3.9675291812333744,0.511206824513693,20.144695281982425,1
139.42110000000002,4.4759018,0.4130684733390808,21.705699920654297,1
138.69124870868586,3.3874933175001156,1.819586971090972,22.83058738708496,1
139.08481792962712,2.9030863417870516,2.1371182033969083,20.37846565246582,1
137.58592752607836,3.9648802207650338,2.2342587047447315,22.20688247680664,1
138.4142465878764,4.862631756400671,3.196664290506677,21.160850524902344,1
138.2302794902095,4.768285348790355,2.144434004172043,23.012447357177734,1
137.7735,4.2007294,2.89898681640625,21.85650062561035,1
138.8909521761126,3.502447748025745,2.5580776691274045,19.094316482543945,1
139.15615000000005,3.1583472,0.5627812743186951,21.997100830078125,1
139.01094938018406,3.7572045793135023,2.035446456618569,22.540979385375977,1
138.8924372884875,3.389891274587899,2.0400531459283693,19.8110408782959,1
138.19353638525658,4.2490749096907985,3.065916735093274,20.16279983520508,1
138.41303028040969,3.168598620635632,2.1108779263157067,21.74854278564453,1
138.16541,4.1637833,0.4618456661701202,21.434600830078125,1
138.69978213988412,4.192948015897442,1.191655684999655,22.039077758789062,1
137.73491493827785,3.851448093743196,2.3208865782186394,22.90613174438477,1
138.06846418549253,3.743051972330743,1.2761815318850562,20.90884017944336,1
137.84961894323527,3.508401783361754,2.9582629540989736,20.107492446899418,1
138.68949191157233,4.305171202882446,2.0422821232667596,22.114912033081055,1
139.45769870399508,3.7691065421012553,2.162440792778978,20.727558135986328,1
138.33524999999997,3.6703735,0.3502575159072876,20.405799865722656,1
137.62658999999996,3.3554587,0.7675127983093262,21.92639923095703,1
138.021861662189,3.415981566731793,3.242296041814748,22.055936813354492,1
138.53691000000003,3.0609293,0.4153432846069336,22.35740089416504,1
138.51972777325832,3.980495223388146,0.4606695399155177,19.46489524841309,1
138.55205327888254,4.572968254103956,2.0084179053622897,21.282684326171875,1
137.82242335898323,4.018923346082887,1.5715218010517094,22.798309326171875,1
139.2434321390595,4.694536828963355,2.652136641359102,20.981529235839844,1
139.51805000000002,3.3135615,0.8111656904220581,22.50149917602539,1
137.8976767620642,4.128562120203968,1.2964320224562214,23.064228057861328,1
138.09756,3.0710512,0.4182665646076202,22.020586013793945,1
138.35477589542316,4.908662927504931,1.3564648934223225,20.314523696899418,1
138.2649058367274,3.1015010378050127,1.4429270833422216,19.538715362548828,1
137.65666999999996,3.6047776,2.0304596424102783,21.561100006103516,1
138.8245526325577,4.677394776908268,2.2863252151357085,22.45850372314453,1
139.51805000000002,3.3135615,0.8113449811935425,22.50149917602539,1
139.08453941759208,2.8465989591103513,0.7864372490582933,20.42111015319824,1
138.06248320848644,3.988151017235875,0.7987723426285437,22.03017234802246,1
137.94267119760798,3.562714076478255,2.178500349150789,20.67601776123047,1
138.10913208869206,3.890995509513336,0.6253475359479178,20.709104537963867,1
138.5016777212161,3.761449452726931,0.4469971363427099,20.044309616088867,1
137.7728105391079,3.5795852912115476,2.945962281779018,20.23382568359375,1
138.14239158928305,3.219694581736797,1.6475248446100852,20.7413330078125,1
138.55202584393885,4.971191758081707,3.224047353056943,21.85611915588379,1
139.57808999999995,4.1399644,1.2682932615280151,21.315000534057617,1
139.30546870244723,4.066241283628613,1.9544180986175792,21.732131958007812,1
137.874563940743,4.089757682503901,2.0333226624895784,22.803878784179688,1
137.69344245826696,4.414724038636935,2.09275240068409,23.601577758789062,1
137.92694699556466,3.498195062244007,2.440434773487918,22.05653190612793,1
139.28858000000002,3.8267488,0.9469391107559204,21.37874984741211,1
138.53691000000003,3.0609293,0.4153835475444793,22.35740089416504,1
138.59993032808833,3.83671138005145,2.3199121106760763,22.80276870727539,1
138.3629129812455,2.999455668698493,1.8638879051410917,20.318675994873047,1
139.22781951450065,2.9448196176511843,0.96626681389843,23.05887031555176,1
139.04915141255034,3.3605392910549723,1.827621647914108,22.03131866455078,1
137.71029,3.2370969,0.5450434684753418,22.197799682617188,1
138.58469555709445,3.679673338523052,2.496013559387098,23.40814208984375,1
138.7707352756967,4.076290410122509,1.9391621347854513,21.88680076599121,1
138.83021743523153,3.169803174271648,2.046061964354739,23.20536994934082,1
138.9314808752811,3.907866023052153,2.6262793545012353,21.019418716430664,1
139.285336244333,4.310455096311969,1.277118851097167,21.956174850463867,1
138.3578549686933,3.0210399299837865,3.2146659963439848,21.215822219848633,1
139.08625636469625,4.019655172643395,0.4563853803567937,19.30076026916504,1
138.93376700192042,4.8876864887421,2.3717128134917673,23.42361068725586,1
138.17941695934715,2.9669746434685895,1.232339849847477,22.434343338012695,1
139.4007582535933,4.37636136700704,2.290885238004312,19.80109405517578,1
139.07452,4.3412411,2.8558285236358643,21.756725311279297,1
138.5035493211013,3.0747655298465224,2.086731780160823,22.721200942993164,1
139.0852785401999,3.865802789153955,2.427777654532541,22.549320220947266,1
139.0992643631434,3.067516601703698,2.517546261181495,21.599620819091797,1
138.55918236075135,4.6034683270082795,2.351933893158001,21.372241973876953,1
138.44645114725532,3.8335912125535287,0.4115760864019413,19.506990432739254,1
137.89606000000003,3.3981131,0.7152420282363892,22.06130027770996,1
138.9865215674417,3.705688206320817,2.9329006488264846,21.287553787231445,1
138.77902334274174,3.291042825346104,1.3127972643436132,21.23446273803711,1
138.47120522831258,3.8177792163992503,0.5458169148774628,19.645275115966797,1
138.77120874372685,3.937351832917062,2.642522672775369,22.99460792541504,1
138.36021181732687,4.258917212097411,0.984011178110832,20.00739288330078,1
137.5903087013946,3.89941470209786,3.371896964613248,23.298099517822266,1
138.9107550818443,3.82793716288467,2.411121324319625,22.94989013671875,1
138.0107176274102,4.750314423297517,2.8373227936619108,21.59067726135254,1
137.58366458402347,4.154173612540725,2.018716246812764,21.19322395324707,1
138.92520168853403,2.8558795783222064,0.6586516861579899,21.939950942993164,1
139.60698472140035,3.368003688462965,2.96250751217052,20.10394287109375,1
139.11037965480014,3.533466545101416,3.816805709507327,21.38407325744629,1
138.81152744456617,3.6751893212803,1.4732292571598828,21.125919342041016,1
139.42109933361556,4.475903663146967,0.4132715505173433,19.512617111206055,1
138.78069827472632,4.069791380064564,2.403581391594575,21.933834075927734,1
138.1939864972434,4.274144897674123,1.6670901834632088,21.900596618652344,1
139.20956492232693,4.182591984204713,1.1714356287402836,21.62098503112793,1
139.1258188465102,3.175203108015869,0.5150704574121315,19.616056442260746,1
138.74410826104875,4.732579621735548,4.011924938215236,21.036331176757812,1
137.7184820740194,3.338557015373803,0.917152220739744,20.928468704223633,1
139.07109430104802,4.8467919272010835,0.9288929311226266,22.805383682250977,1
139.11893412659492,3.058769928558927,0.3013683395722651,19.834135055541992,1
138.27669201207888,4.462915764631249,0.3661392184514768,19.700443267822266,1
139.05408343732665,3.828974226878284,0.7175463870817567,20.636274337768555,1
139.67031697840008,4.18976715774822,2.1385257622977853,22.17819023132324,1
139.12315634817767,4.749034616944653,0.5821942832444261,20.028820037841797,1
137.8307900795089,3.079792059195668,1.4941945045449452,22.173519134521484,1
138.29953,3.8529832,0.4557148814201355,20.92142677307129,1
138.9707155766662,4.210142795685048,2.023962067520634,22.56813621520996,1
139.2687144783452,3.892641226929835,2.1732298645629196,22.907625198364254,1
138.5101821093724,3.698935665907777,2.6209309182288156,21.23817253112793,1
139.03442660545187,4.075353353757754,2.3246546049068573,22.398454666137695,1
139.63877353779094,4.058766800273984,2.1567098778293556,21.502031326293945,1
137.73698038266795,4.250286709867715,2.0305383156831964,20.976003646850582,1
138.23040858426137,4.70042666683525,2.2046970396320726,22.57149887084961,1
137.80705245615155,4.001345464311503,1.9600276878185532,19.35272216796875,1
138.20212000000004,3.2232974,0.5455774664878845,21.475200653076172,1
139.27918999999997,4.7302663,1.3632625341415403,21.028200149536133,1
137.6855095533234,4.462209679534912,2.2576166980215446,20.224092483520508,1
138.6765214186445,4.874510585837822,2.1997196273668314,20.60211753845215,1
137.8126397048806,4.050378088548953,1.9375930166786008,22.13912010192871,1
139.12140874378244,3.2345253732499595,2.556367890123436,20.1460018157959,1
137.94338732836763,4.156999351520913,2.494601951436125,21.940189361572266,1
137.94082000000003,4.2250231,1.2170310020446775,21.533199310302734,1
139.47444677022233,4.237528198358898,1.4874233124341587,23.129297256469727,1
137.6566713176137,3.604776049344618,2.017011585661793,20.7374267578125,1
138.7099811156242,4.0910286839699355,1.084122738251233,20.75678825378418,1
139.18661873232043,4.294114710126743,3.3725341380469565,21.959148406982425,1
138.8504796835889,3.6395155886800343,3.43086800415166,22.223588943481445,1
138.86696,3.9397633,2.364858865737915,21.872377395629883,1
138.34047028228468,4.009144436589918,0.8386609230894294,22.368717193603516,1
139.01127994080557,4.611241811266475,2.359420980091362,22.77480125427246,1
139.35699681231046,3.4303854538089618,1.5611299025784766,21.959705352783203,1
138.35147640125604,4.5227859540505655,0.7390858114046475,20.824384689331055,1
137.94389,3.3875963,2.4464025497436523,19.290416717529297,1
137.99161817735143,4.723035334168917,2.146962764348745,21.95468521118164,1
137.80933,4.3986808,0.7578283548355103,21.19409942626953,1
137.83670332999344,3.7080128989462575,1.7358630504391517,20.772371292114254,1
138.41602,4.569644,0.4466980099678039,21.211503982543945,1
138.93023639642135,4.770499105227839,1.815681659973954,22.24249267578125,1
139.15120000000002,3.6072093,0.310166984796524,21.747800827026367,1
138.29345523744863,3.705807894692035,2.9047345600540417,21.31432723999023,1
139.0005449312077,3.191753213707615,1.202190783219906,21.570932388305664,1
139.04239179147524,3.7562271069751993,0.9289193027613498,21.544429779052734,1
139.06107763811917,2.989312339082731,2.7742858547208327,22.30584716796875,1
139.19429389149087,4.089377787922765,3.2109999938446845,22.5789852142334,1
139.20357445317455,4.35404541660435,1.9176161128498876,21.76435661315918,1
137.77938,3.1598738,2.6702311038970947,20.566499710083008,1
138.26393613598353,3.67044723298524,1.7517273596676473,22.341169357299805,1
138.6292355987266,3.274020726086124,1.4891083155283926,22.27176094055176,1
138.50023442291814,3.2044892205879396,0.4594216941479944,19.847944259643555,1
138.20212000000004,3.2232974,0.5455835461616516,21.475200653076172,1
139.34771,3.2154344,0.3275835812091827,21.963199615478516,1
139.41646603957835,3.1142527493343057,1.626586164729504,21.002031326293945,1
137.79290509797005,4.005194730503798,0.4907915813559392,20.371559143066406,1
139.0946822121025,4.574684998631298,2.129666962609548,22.7768611907959,1
138.2125197498782,3.504676330644944,1.9216709074635687,21.80009651184082,1
137.96303999999998,3.2630609,2.4168405532836914,21.89238739013672,1
138.70704999999998,3.4429856,0.4411028027534485,21.40290069580078,1
139.3871160824798,4.009367342275178,2.154181554888517,20.005922317504883,1
137.52471943726505,3.744255313352787,2.3848718020739135,20.453025817871097,1
139.20248000000004,3.17991,3.101865768432617,20.71438217163086,1
138.79683272328194,3.3602801820042636,2.1150945307623745,20.635074615478516,1
139.17101235672664,3.3489858791930716,2.0095699266144145,22.430593490600582,1
138.3912935777213,3.390450161876058,2.3119051649770213,22.35525131225586,1
139.00395318311496,3.677534972520819,1.456625609641694,20.582592010498047,1
138.9789495121595,3.2236026459465776,0.4958758325771943,19.685871124267575,1
139.28828935178154,4.04665360190628,2.0441202951049173,21.862829208374023,1
138.89621354521398,4.237662850180611,2.1475235718064396,20.496437072753903,1
139.37487309289446,3.294902424685766,2.9001823048251167,22.01003074645996,1
138.59069119872422,4.747188047501412,2.532132585382275,21.469707489013672,1
138.47104365526,4.00366308745671,0.4446198282916035,20.22603225708008,1
139.26072831742286,2.9982645245086905,2.738169035216846,21.36326789855957,1
139.29593541964474,3.6751313411928623,2.992637432352791,22.696523666381836,1
138.95644767027758,3.481235465914871,2.3457433297198227,22.667991638183594,1
138.86696895257862,3.9397752955304703,2.3629643026552087,22.46188735961914,1
138.92070328370409,4.671447157441157,0.6417335072009723,20.991552352905273,1
138.8268434268098,4.03922283224106,2.1189086893780664,20.68831443786621,1
138.77063494630517,3.5566549012989315,1.7229948719026489,22.365676879882812,1
138.7134774003876,2.9585949800401896,1.5027121773843664,22.111003875732425,1
138.72047042321446,4.494580222930584,1.9225605001755453,20.951725006103516,1
138.8807303526312,3.865279408425944,1.7328978809434856,22.659597396850582,1
139.1197770608306,4.744028675137189,0.4163570820013872,19.827091217041016,1
138.44202581422704,4.574997372158092,0.8051108733805864,22.06220054626465,1
138.5668822936767,3.0557839129383852,0.8808590961987622,19.79829216003418,1
138.74072506370686,3.4722694609316296,0.6362853761466399,20.29997444152832,1
139.60640227264753,4.406565500758905,2.501416881579481,23.687671661376953,1
139.44813778286235,3.620368746736246,0.7757837643851011,19.78437614440918,1
138.20357,3.9708598,1.473927021026611,21.58180046081543,1
139.21239481843816,3.9700695631138223,0.2328976353157365,20.044275283813477,2
138.126536012719,3.3244294181989393,0.2789321418190374,19.910627365112305,2
139.44038350757666,4.222981211436832,1.2708150039139767,22.38954734802246,2
138.944591509723,3.8263124558200294,0.5246476989386926,22.034116744995117,2
138.5313405747635,4.574727692504362,1.073676686968417,22.33650779724121,2
138.4670512346942,4.341576311061138,0.4875425998210737,21.08429718017578,2
138.249192502721,4.567451877014277,0.2365145390303605,19.5649471282959,2
138.7810844636139,4.191294069763932,1.293895903618549,21.73612403869629,2
137.97685433163878,4.1832753795220325,0.4592589838078905,20.035667419433594,2
138.91619508781665,4.912704011360016,0.5407496837507987,22.88250732421875,2
138.52788144133612,2.81333082304046,0.32479533878652,19.992862701416016,2
139.36196258952785,3.173113600515609,0.2620520364328317,18.39337921142578,2
138.29211528307872,2.8558612225118547,0.9519739027923656,23.069128036499023,2
138.76582201660688,3.592070602579757,0.4434122061438417,21.309480667114254,2
138.53536820463356,4.6872918732818905,0.4196938423836859,20.118209838867188,2
137.64678197530117,3.5654926618770406,0.2116960055983549,19.888879776000977,2
139.62618123936366,4.324333632611617,1.0785263632929143,22.408594131469727,2
138.94787402566112,4.277007256676128,0.7299483421519335,22.623271942138672,2
139.50108769982108,4.418377938391332,0.1563563134006332,16.89107894897461,2
138.0099295637505,4.053925140800537,1.6516829923153051,23.09363555908203,2
139.28392064073864,3.926890866469924,0.0989494448810889,18.587440490722656,2
138.43880968842856,3.0061474952574803,0.9378284560979744,22.68003845214844,2
138.93031000386753,3.496902645080473,0.4571533106506367,19.32839584350586,2
139.58581488664709,3.460103091848067,0.2808363553165602,20.221445083618164,2
138.10074306381628,3.385009729082071,0.3838296334771951,19.847856521606445,2
138.81046631155365,4.8478030240285435,0.9029515394991592,20.445819854736328,2
138.11526659642084,4.486750142051544,0.2764329006849503,19.941476821899418,2
138.101918729036,3.1716496702780916,0.8839062018307549,22.808032989501953,2
138.77824214448515,2.9941453215817906,0.349767301912791,20.112613677978516,2
138.1073760261866,4.1165239792772,1.0724120440640754,23.24842071533203,2
137.80013754262455,4.139864120431422,0.928181599657812,22.63300514221191,2
138.3390660588469,2.967359125851188,0.403584202364592,19.22544288635254,2
138.70043670237737,4.406390467250105,1.3614861292685652,22.536684036254883,2
139.22352327732688,4.018765636735764,0.3128420598361717,20.023784637451172,2
138.44912140751956,4.461162532365016,1.0964934169491063,22.89957046508789,2
137.7001193867702,4.2687177126534035,0.2085671266435423,19.688640594482425,2
138.26989785992723,4.235694887668978,0.2718293473028219,20.0594482421875,2
138.65146581647318,4.826711303061463,0.1443650638089457,19.413990020751953,2
139.55943516745768,3.9756805190043742,0.3131172511285395,20.085956573486328,2
139.36472547992614,4.096893872581354,0.8295405477512919,22.05781936645508,2
138.69384316706217,2.8869856387962045,0.1413566089119445,19.762168884277344,2
139.32772402959176,3.9897877992516824,0.391514152887881,20.52440643310547,2
138.5106529323738,4.207366395635152,0.2368392334054946,20.10158920288086,2
138.78880328611817,4.890609076252514,0.2544845369712911,18.55364418029785,2
138.39372369227735,4.3151037596687525,1.3040521300926602,22.442960739135746,2
139.08595000000005,2.8886585,0.3202776610851288,22.133892059326172,2
138.03239317851614,4.486947497586046,0.2351518211602707,18.741138458251953,2
138.0522610947346,3.9905670877488584,0.5169051504013275,21.808229446411133,2
139.00143484105962,3.753297976253585,1.2897951787741582,22.99409866333008,2
139.17437567817856,3.2137846755569663,0.103248382085987,17.485071182250977,2
138.1182228037406,4.135850017776917,0.2058192480179831,19.785541534423828,2
139.06201898079064,4.232516412980328,0.2526098208056051,19.336772918701172,2
137.52261838822,3.651856033481026,0.1697968489520147,18.86963653564453,2
137.62245353305013,3.620220592721712,0.9928761126051628,21.606639862060547,2
139.23294633798378,3.094033102388106,0.3249902094558718,20.238040924072266,2
139.67211795786264,3.678601599154508,0.3095156403576918,22.846614837646484,2
139.67862616598552,3.6989377134707575,0.2667818199963764,18.552453994750977,2
139.45318116189304,4.549744287048144,0.7385556882144361,22.14082717895508,2
137.6279253188359,3.6750994259995737,0.1970318307758189,18.80517578125,2
137.5937526066763,3.8343257905875663,0.830735795874231,21.992109298706055,2
139.34523090279046,3.4292519875869147,0.2729601476476288,18.981029510498047,2
138.91472941445468,3.435347527896766,0.2473356278387276,18.958354949951172,2
139.38982730771608,4.275941920580918,0.412359446944171,20.159896850585938,2
137.84690280415214,4.413391884626267,1.2066270975376947,22.87739944458008,2
139.6397634622201,3.5149965589713528,0.26781539941671,18.961971282958984,2
139.4233368673167,4.357761019507537,0.2336150972547277,20.019020080566406,2
137.733248919016,4.424267949369284,0.8608868578865446,22.27549934387207,2
137.93490487926164,4.448682396661717,1.4237933900976891,22.67978286743164,2
137.90042499818142,3.122922800814358,0.24155540798744,18.713600158691406,2
139.0182043712029,3.444609363138297,0.3411023950929488,19.35891914367676,2
139.01367449731444,3.7839018727557665,0.2324521334234781,19.668107986450195,2
138.75523881420682,4.328048133069787,0.2773564535804942,20.007532119750977,2
138.20700204646502,3.0058634334664136,0.3908865166639322,20.683839797973633,2
138.53942,3.8313506,0.6633951663970947,19.60140037536621,2
138.8775978021992,3.91139328569553,1.2123457002422744,22.803651809692383,2
138.97877324864265,4.589066906794866,0.2511311518084237,18.661094665527344,2
138.30453511066372,4.192629716659172,0.1261958353682112,19.37861442565918,2
138.59028475712608,4.669314462531845,1.0612826037001828,22.28742218017578,2
139.70115058399665,4.048390337108678,1.008575958625955,22.85896110534668,2
138.59802357530737,3.962579790381181,0.3282961717382208,19.55518341064453,2
139.4451014518465,3.599208841111716,0.3844054355784218,19.676664352416992,2
137.99380387081598,3.265735944866205,0.2432324330356572,20.253293991088867,2
138.58039709026804,2.9162698345652975,0.7652444274348413,21.714195251464844,2
138.7507121848176,4.388472926140891,0.2977547753912037,21.1071720123291,2
138.11797701311752,3.167475791082657,0.2447596400122048,20.07152557373047,2
138.82104188546424,4.6228061904936775,0.5483401093009102,20.168357849121097,2
139.58579118361246,3.342150416456451,1.455658073315687,23.322031021118164,2
138.5943046389773,3.483465989360678,0.1404210878311615,19.48395538330078,2
138.43336117213144,4.921569755708137,0.3265744634444263,19.87848472595215,2
138.1342960858322,3.192228712415784,1.3377823152690314,21.953330993652344,2
137.51699722847118,3.9006108385037215,0.2323172340260731,20.079957962036133,2
138.0902818252433,4.28891772862145,0.4182814659072153,19.313383102416992,2
139.7333791888649,3.989210712529872,0.1454375017186029,18.142900466918945,2
138.7870702883003,4.779193411535326,0.5593688692057321,20.35409164428711,2
139.25297784977283,4.6002300574891715,0.0982409215503071,20.15346908569336,2
138.69005069960332,4.037451256438235,0.1129764762597239,23.206804275512695,2
138.34982057305467,3.763198725537989,0.2173580805372157,19.39122009277344,2
137.61546999999996,3.5334005,0.3735625445842743,22.125999450683594,2
139.57846213434314,4.125800989933402,1.2257723832915322,23.05120849609375,2
138.29966000000002,3.6568839,0.8076802492141724,22.00200080871582,2
139.06623433564755,3.7743499405940217,0.7698717626718864,21.367929458618164,2
138.4010567217648,3.6316951213649062,0.2881688871780367,19.57073974609375,2
138.06676089832598,4.3645489526777705,0.1251237042641947,19.692115783691406,2
139.23738423806958,4.615054314997832,0.6094914135860563,21.326772689819336,2
139.10981489967622,3.2276699506646533,0.2744435565361546,20.197982788085938,2
138.38843728203386,4.935379637659391,0.2414138032418302,20.265268325805664,2
138.60711000000003,2.9117082,0.1608997732400894,20.211599349975582,2
137.84828491495475,3.5088476664195025,0.2314484167215196,18.03309440612793,2
138.6202249804445,4.617780090490333,0.7450718082990301,22.057411193847656,2
138.18236000000002,4.736221,0.362280398607254,21.825000762939453,2
137.99083846131398,3.023698469902468,1.4984352637347138,22.98961639404297,2
138.99256790037722,3.0943264319056625,0.3775024702330274,21.84326171875,2
138.03622188810198,4.716217071188776,0.7016238906203964,21.249324798583984,2
138.61412681822625,3.296306479678143,0.1365378043693546,18.055932998657227,2
138.31121618286932,2.837474188436749,0.8639301954947833,22.81555557250977,2
138.16098739504827,3.8056450839239417,0.7877071939265641,20.75891876220703,2
139.03356898575808,4.556500025064292,0.8964055593018935,22.96099853515625,2
139.57250548321383,3.639510539627216,1.1774937508103014,21.082897186279297,2
138.59110842451292,4.218733056532087,0.235949967153724,19.421154022216797,2
138.94707184391137,3.228298798705389,0.2255082908371909,18.213775634765625,2
139.2809630138211,3.33671875832169,1.2795147243533709,22.366851806640625,2
139.4311853733962,3.4215800208528035,0.3171338295158947,20.184385299682617,2
139.2242464473987,4.368303005211595,0.3622307027312524,20.170339584350582,2
139.71183310440924,3.525287164118032,0.7599390578448436,21.386404037475582,2
138.1733489937178,3.243393407864331,0.139488685649362,18.69306182861328,2
139.64987529902342,3.474002096012077,0.1990166411209895,18.33005142211914,2
138.59870586902116,3.799702773367845,0.5836870244606199,20.66576385498047,2
138.63125165869317,2.9804453326122924,0.1733498403579106,18.92711639404297,2
138.492050001431,4.889061373587387,0.3776446716615962,19.476791381835938,2
138.47488288550596,3.462050853834554,0.3824051051782643,20.052711486816406,2
139.0743801191064,3.006897177446804,0.3103332265511225,21.012523651123047,2
139.37953086916752,4.5422227482667195,0.4127388782432583,20.143993377685547,2
139.34950777414136,3.96331149303798,0.1087294251648496,19.101158142089844,2
137.67278573076555,3.9775972309583576,0.3007472802521482,23.13608169555664,2
137.89010064425557,3.940088962427096,1.090364362543038,22.635480880737305,2
139.7381841051361,4.059362789346148,0.4043284817419134,18.792993545532227,2
138.1707486956898,4.641209364486703,1.4930724682588223,22.646337509155273,2
138.58161086372152,3.113784504201701,0.2254382051731403,20.200515747070312,2
138.44682190167467,4.483912526770857,0.3055252815627547,19.29345703125,2
139.31698434942905,4.002263789427779,0.7570218439801729,21.29038429260254,2
139.3152272179966,3.985677426602409,0.2787027074488371,18.46571922302246,2
138.49472747066767,4.462115456683163,0.1888323720572111,18.71982192993164,2
139.51046187748466,3.4106944234959355,0.2017114269051755,19.017562866210938,2
137.91790220054094,3.048292022730865,1.670854703888513,19.150806427001953,2
139.2401332946464,3.218075357851981,0.4160214140966048,20.27433967590332,2
138.54944999999998,3.8488668,0.6160567998886108,21.46666717529297,2
137.87324875370072,4.591837682443967,0.2729102309666552,20.128318786621097,2
139.27039803771413,3.068501219938258,0.8897684559413749,21.981231689453125,2
138.16134541429932,2.9780061132151117,0.2099828515906934,19.15626335144043,2
138.49879095691844,4.269385960668174,0.8960878655243618,23.026866912841797,2
138.04713586722582,3.650426382540232,0.2446771456988183,19.45070457458496,2
137.92020006350495,4.214779456384897,0.1569231724923507,18.40589141845703,2
138.19929433383754,3.556851805922322,0.9015618473362343,21.12423515319824,2
138.14647438031778,3.506367379033601,0.2499265999666317,19.3670654296875,2
138.6221208243322,3.5961276242390716,1.571018825337508,23.022069931030273,2
139.49843184788665,3.295145766187674,0.1768744219281393,19.44029426574707,2
139.08886739527816,3.685843203096949,0.3159448191162979,19.512903213500977,2
138.60094674937767,3.4237097024101644,0.2303845375520758,18.582775115966797,2
138.36378426523368,4.47542057647474,1.217754723188267,22.033618927001953,2
138.10418343702474,2.9287698464904723,0.2636147969332003,18.933643341064453,2
137.96294923251256,2.97594013018892,0.207691364286803,19.60191345214844,2
137.68623579855554,3.9636365586412494,0.1630419154603122,19.577468872070312,2
139.3474925576405,4.006713797426973,0.8858206993013581,22.1434383392334,2
138.66588067710822,3.656520443522075,0.2736409586060438,19.167091369628903,2
139.48134046066107,3.645869991048687,1.0196971830212642,22.634275436401367,2
138.60029086709642,2.801098075253489,0.810678647993587,22.809938430786133,2
138.48050533156564,3.5590788050718407,1.186840623722062,22.114044189453125,2
137.99604973091613,4.198467791375162,1.1064521478189362,22.35628318786621,2
138.5508012311387,3.59833288842651,1.364438590390445,22.402557373046875,2
138.59411850269868,3.176516424577194,0.6204842833771534,21.47162818908691,2
139.29286583347184,4.615088705700833,0.2579776319459504,20.139911651611328,2
138.9260064510455,3.0876324884753936,0.6280027973498414,20.73467254638672,2
137.96705851647616,3.4293593706263796,0.2909573211289442,19.518476486206055,2
139.6154278996565,3.826555549718148,0.8262257695444918,21.123315811157227,2
137.80294141106668,3.703434685140421,1.19630734389014,22.46513557434082,2
137.85991265170202,3.9383100741598778,1.1487223275296683,23.2145938873291,2
137.85077356576295,4.164079139878033,0.4605330571237871,19.499412536621097,2
138.61301769573257,3.8217430487340263,0.1823212489225933,19.808673858642575,2
138.50353415331747,4.154113909775268,0.3553023123910939,20.04308319091797,2
138.73826861853445,3.310814243085927,0.2734703306989261,20.073833465576172,2
138.7852975398013,3.331184653448533,0.2466523895634522,20.15031623840332,2
139.38886139159575,4.40481892955878,1.0015153156296936,22.60655975341797,2
138.4999415979384,2.895978318042011,0.151809954648416,19.047630310058594,2
138.28175,3.9758023,0.5416056513786316,21.808115005493164,2
137.93610096799375,4.607424791157383,0.9309988306750996,21.616424560546875,2
138.4707385099515,3.3620184549454386,0.1631960589501133,18.435516357421875,2
138.56825039916237,2.7861294157477814,1.0429234224015334,22.920150756835938,2
139.48388640827102,4.468135068163212,0.5023305331761327,21.015819549560547,2
137.61177555094173,3.5414109003737613,0.2625326957743959,19.732009887695312,2
139.09170769457626,2.959611923517146,0.3039342309665157,19.432636260986328,2
138.2943555525964,3.757032128474844,0.2930772012897752,19.62746238708496,2
138.3101977476146,4.3975240618582285,0.3105172077149691,19.553842544555664,2
139.09352506129804,3.3125476699763037,0.3175903154639811,19.669105529785156,2
137.9002696014597,4.12013105168639,0.1224769565463515,18.02046775817871,2
139.54649347618124,3.4064989108340056,0.483607226241486,20.645841598510746,2
138.60374154446967,3.900426487859906,0.9152400884609804,22.17128562927246,2
138.39872714712595,4.623668670958011,1.1438923513870507,22.61264419555664,2
139.12546358702122,3.44811724105082,0.2103064585222474,18.683773040771484,2
138.1812127163681,3.999705060616984,1.2563474855223342,23.214683532714844,2
137.7703005410644,3.593803301880331,0.2220477289324869,20.24547004699707,2
139.35618328256808,4.66480353735761,0.2564123477988669,19.161041259765625,2
138.14433961293577,4.0138728715013725,0.5828800779298282,23.26416778564453,2
139.62495835977276,3.954082316361739,0.210201205080796,18.614503860473633,2
137.6409450247411,3.773387138400654,0.4478504495999492,19.998809814453125,2
138.56856559903642,4.438736705616587,0.1756698360184482,18.639005661010746,2
137.77134123436292,3.6804470024236258,0.6744093201071363,21.40777587890625,2
139.5336358815598,3.940459819624539,1.313446941828457,22.98162841796875,2
137.7429413461726,3.83535002004806,0.1625792857485703,19.409669876098633,2
137.84968118254605,3.260062780748874,0.2606009409908713,19.830501556396484,2
138.07555787001462,3.3893895476471134,0.2356026269262479,18.50193214416504,2
138.03790886347215,4.11752195844874,0.2490780032416232,18.71895217895508,2
139.20031865383623,3.2803841507442666,0.3818757583956315,19.993846893310547,2
138.17018071378968,3.206297982074396,0.4072444330349022,19.5565185546875,2
137.56009283863966,3.762484889493859,0.6124382700465866,20.725238800048828,2
139.04218973629278,4.532752317839881,0.3629670644567639,19.442136764526367,2
138.80669443628727,3.2752291552630637,0.181936849401734,19.76881980895996,2
137.98674839867817,3.003898062998492,0.2415009987641128,18.84185791015625,2
139.1063048426903,3.9028037278739713,0.2359051351037499,19.610443115234375,2
138.29355058533798,3.347286891899352,0.9716402971493404,22.00507164001465,2
139.14724574049762,3.292252639434356,0.7633989434118142,22.68893051147461,2
139.0812307512867,3.887267375917501,0.5316431858023449,21.072874069213867,2
137.7514482839951,4.23207928548257,0.3446811500672185,20.2659912109375,2
139.6269331094324,4.3670778884874935,0.3702960791883402,19.91176414489746,2
138.3066890716586,4.883865056814945,0.2792063865128576,19.515647888183594,2
138.5067706607805,4.897595119883537,1.1660165206793909,22.534832000732425,2
138.72877200131978,4.118035937530639,0.7529333361035746,21.40188789367676,2
137.69803838499925,4.209790653533798,1.686381359498472,20.589723587036133,2
138.20174767792375,3.4541634048616445,0.3985349402840079,19.987897872924805,2
137.6145927119648,3.7312223238541056,0.2775043180008288,18.21647834777832,2
138.41887161618055,4.784223158248416,0.3434591932606436,19.5306396484375,2
138.26295371260306,4.093643367324962,1.6697386299726555,19.01850318908691,2
139.3223293341375,3.4827447839112073,0.3128884685140565,20.270753860473633,2
137.70634445146524,3.5862042290725578,0.2111229867502899,18.99390411376953,2
139.37347557759296,3.738558744484533,0.2765781505693363,19.18025779724121,2
139.3814712151123,4.680834163927284,0.2652158745056159,19.90630149841309,2
137.88492344760485,3.3983694823777095,0.2448863655430698,19.569398880004883,2
137.6361666557794,4.177149409667363,1.115944166865287,22.946372985839844,2
138.64228920564844,4.8134338102213645,0.9755945512375808,23.59526824951172,2
138.88725181063512,3.3487678237883864,0.3150161253318802,20.204029083251953,2
139.21777798421496,3.288273483974085,0.1162112931872341,18.71080017089844,2
139.37850748437484,4.260153662904064,0.8800203898376837,22.53818130493164,2
138.0674568977031,4.575231527950132,0.1716641780316349,20.130521774291992,2
137.81849813704804,4.236568308869914,0.2746581206645898,18.47502899169922,2
138.94202112637592,3.5719793588973348,0.3081284296708235,20.007266998291016,2
139.54266946822395,3.573427992286262,0.2652484893801239,19.423755645751953,2
137.78176828743037,3.6913477619926183,0.2338264079540982,19.97920799255371,2
137.9468592065924,3.954818926144122,1.0267892883758818,22.876218795776367,2
138.86577176089207,3.0548992462835107,1.073821180021404,22.555908203125,2
137.78677,3.1038585,0.2077036798000335,20.66110038757324,2
139.32183857861003,4.390336034206254,1.1327164721378795,21.98375701904297,2
137.56354719268927,3.617290680411145,0.3507412475319292,18.90496063232422,2
139.51173256636872,4.470338591361095,0.6525495530558656,22.495758056640625,2
137.86133,3.5369788,0.2120537608861923,20.93470001220703,2
139.20641459942462,3.318087987064755,0.3176232996119954,19.752037048339844,2
138.6778009652402,3.10468392833549,0.1905795579723709,18.517906188964844,2
138.10055645928628,3.7214891938877623,0.1831322230733767,18.469518661499023,2
138.56434483199777,3.8638391705914863,0.9051420262025636,21.01493263244629,2
138.6103800386468,2.8492259675317455,0.1603173596999921,18.193187713623047,2
138.47683004108467,4.305716780980519,0.1674378202518475,18.73161506652832,2
138.5451673647344,4.948867890873946,1.364694679050694,22.00688743591309,2
138.95935733319772,4.277549714575719,0.2925949789699275,18.5701961517334,2
139.5450234232645,4.146497460745221,1.225294502296647,21.488800048828125,2
138.5594283304387,3.4503006534902503,0.1623205579453258,17.251262664794922,2
138.25882023181958,3.164152228518782,0.789417079225829,22.06775283813477,2
138.6550162882248,2.83898917452952,0.3722832525396738,18.94419860839844,2
137.9402815677337,4.011408169661141,0.1087515041792741,18.632139205932617,2
138.3497321755415,3.931395662640667,0.1447630030652811,19.923559188842773,2
139.01891064901895,4.290667833793378,0.300813886415523,20.08561897277832,2
137.94935391713813,4.676066437149574,0.92904984598107,22.94143295288086,2
139.59878792923718,3.585149648638741,0.0040961210625271,20.271530151367188,2
138.45649665171965,3.01403569773296,1.6494308257312031,21.443500518798828,2
139.0471920988195,2.821823125421756,0.4125743178470892,22.90052032470703,2
138.71804762815168,4.684787894553788,0.276870743834802,19.38845443725586,2
138.60684115955146,2.910973377317768,,,3
137.81506999927757,3.2512094351980707,,,3
137.74417670963632,3.603745688323905,,,3
138.72350043980234,4.269787047418176,,,3
139.12062142553276,4.743211889050824,,,3
139.15144916549608,3.642677597368786,,,3
138.33394553163953,3.670808526092769,,,3
138.86116893334486,4.36362573431889,,,3
137.89087136045185,4.545243919338641,,,3
139.25236853526886,3.26205652134653,,,3
138.58605652140085,3.1899336820466093,,,3
138.49568141372436,3.5692334351651205,,,3
137.95299355710017,4.630032467253168,,,3
139.67251612044592,3.542960229783436,,,3
138.29854900876683,3.4362110832766035,,,3
139.12809903550658,3.1741238001407144,,,3
137.72303161652073,4.307228565991692,,,3
138.7001507991443,3.1764923031724277,,,3
138.23918628371936,3.798849330277584,,,3
138.87472255979762,4.326093589071963,,,3
138.4988347668946,3.206447400878726,,,3
138.91956840732314,3.6234529172322127,,,3
137.89918935358423,3.778559193414867,,,3
137.56374790533076,3.969536794815396,,,3
139.07853639104377,4.013297948129932,,,3
138.09737859055616,4.5812786451349865,,,3
138.53060354917233,3.065973775646691,,,3
137.71135339416645,3.2377272096095933,,,3
139.22054316917695,2.9312421590341153,,,3
138.26437497249913,3.0180520328235776,,,3
138.47113595325328,4.002496177692992,,,3
138.0321208957611,3.814940354213275,,,3
138.10405773625473,3.9887324488830953,,,3
138.48918448216804,3.534764040752826,,,3
138.0845856245465,3.2590706620862178,,,3
137.7282397765545,4.213753791992696,,,3
139.7414918164905,3.779663980161611,,,3
139.08738756220535,4.021288671004124,,,3
137.70855049211573,3.20407442130465,,,3
138.76525181257975,4.464338539873917,,,3
138.736516458467,4.531806971887246,,,3
138.71517868496196,2.827731445253735,,,3
138.16379449650367,3.60250821049217,,,3
138.17079566120427,3.9832064725801177,,,3
138.40396368475322,3.2683620761322913,,,3
138.46713283716966,4.341989199991026,,,3
139.1532255601063,3.608485021003732,,,3
139.6321126901933,3.503240116289883,,,3
138.655002851118,4.630725243905944,,,3
138.68964792681408,4.784638390458178,,,3
138.6531123520313,3.07326756229445,,,3
137.54058390347373,3.7424884925698807,,,3
137.90074753607837,3.0469930984857267,,,3
138.78793791487055,4.8843044611356765,,,3
138.7800845291206,4.190627809713356,,,3
138.7228416824057,4.442977650006488,,,3
137.94448505487935,4.156116232583443,,,3
139.29012031802117,3.827850135639187,,,3
138.1214180455488,3.4007434973198993,,,3
138.28844635472396,2.972203704023432,,,3
138.56352655768822,3.864597262399061,,,3
138.8574265678397,4.428050805796441,,,3
139.27904972178365,4.288947238328216,,,3
138.61696610090448,2.9106160297672288,,,3
138.65818052013708,2.7662019925218977,,,3
137.74526873472283,4.290016988889967,,,3
137.84073975325688,3.983491955252057,,,3
137.79632913134702,3.7858769033992754,,,3
138.09939384283476,3.482918028181869,,,3
137.9325291999985,3.1498571446790717,,,3
137.8292298952082,3.2004802093437443,,,3
137.89411298909204,3.5964626564695164,,,3
138.99701454904826,4.202860206384038,,,3
139.00613335871773,2.9448097612404407,,,3
138.68132672807377,3.9021621536690514,,,3
138.20060075480333,3.222563205896528,,,3
139.42163722937266,3.672710539179605,,,3
137.89726967069026,4.580474516375299,,,3
138.5022978949775,4.645252859623073,,,3
139.5744735450928,4.269130214519603,,,3
137.7941664596812,3.364695607725365,,,3
137.62701186504253,3.3568714974774534,,,3
138.20714254262975,4.353047052611281,,,3
139.21658465598438,3.295057358319948,,,3
138.25896539492587,3.165027115066179,,,3
138.7829404554464,4.940608449497906,,,3
137.79654086414362,3.502487607109815,,,3
139.60578483022485,3.556229791765056,,,3
139.44771673020594,3.61751646485249,,,3
138.54478930175924,2.738693987988748,,,3
138.59049070660447,2.862145802801511,,,3
138.97776533832268,4.321803269937686,,,3
138.83173383715973,3.027772285599737,,,3
138.49487276518488,2.8456455563095298,,,3
138.63285470696974,3.655657069519701,,,3
138.73082018210926,3.2570113935149436,,,3
139.65810760420885,4.214365756433217,,,3
138.1219565565851,3.241795020623814,,,3
138.97951731256234,3.222825982927075,,,3
138.68791956498367,4.365163166711467,,,3
138.9876660878313,3.124069517118866,,,3
139.48184747843214,4.143183007740577,,,3
138.35972772266163,4.263397496086847,,,3
139.20184487418197,3.0782661933944837,,,3
138.32826859337698,3.4012548354942203,,,3
138.1766854009307,3.0671175144253087,,,3
139.1001769181455,3.0628847269552715,,,3
139.4704930262426,4.438159311455904,,,3
137.80884234927709,4.377830041387243,,,3
139.1387191257946,3.940991045040505,,,3
138.3414222941202,4.00520850336198,,,3
138.82469099934514,4.248894426705879,,,3
138.42053964763306,2.8306346126449373,,,3
137.67155693412226,4.048571296118763,,,3
138.46592169265298,2.9618501270577293,,,3
138.53841864074533,3.831313718676944,,,3
139.33765464066826,4.529398331279036,,,3
138.18493503402902,3.4489199828214985,,,3
138.11016503347636,3.890908143389527,,,3
139.48459765385996,3.254190144549059,,,3
138.31256471085678,3.813286915100866,,,3
139.38897849043178,4.614500141701326,,,3
138.21164696020756,3.872285571471916,,,3
139.10295816953044,4.16224347376665,,,3
138.27356479387555,4.461252993124941,,,3
138.39202674395762,4.736814973623565,,,3
138.92782647886875,3.088201179466712,,,3
138.5581650274748,3.114453922684974,,,3
139.23427987366588,4.390956986960808,,,3
138.4453784516978,4.41959669090751,,,3
139.1098981713513,3.46488272292627,,,3
138.06282813,3.93432661,,,3
138.3668154,2.95275724,,,3
139.11136425,4.0701124,,,3
138.59558561,3.84365164,,,3
138.23565088,4.7945855,,,3
138.72045134,4.70912422,,,3
138.12432582,4.256391,,,3
139.34864461,3.51620445,,,3
138.79329027,4.17806775,,,3
139.15853676,4.7862673,,,3
138.875506,3.75381421,,,3
139.32191774,4.33885273,,,3
138.36455353,3.80369973,,,3
138.13993068,3.79077781,,,3
138.0680371,3.25960195,,,3
137.80477848,3.67722093,,,3
138.9638926,4.07437126,,,3
139.19420155,3.405305,,,3
138.407251,4.35742661,,,3
138.6491267,3.10558035,,,3
138.98403729,2.94441527,,,3
137.80299478,3.70346251,,,3
138.03438231,3.14088488,,,3
137.85120795,3.25732103,,,3
137.92712926,3.92749176,,,3
139.22357576,4.01892124,,,3
138.38857641,4.15837941,,,3
138.31804132,4.52585416,,,3
138.60295063,3.51641093,,,3
138.360559,2.76040606,,,3
139.0211753,3.88481481,,,3
139.10630521,3.52946472,,,3
138.59520497,2.92596298,,,3
137.70639778,4.18840754,,,3
139.13035013,3.89071546,,,3
138.37150489,3.81595052,,,3
137.55710424,4.00309278,,,3
138.10617432,4.40731888,,,3
137.60441579,3.82369301,,,3
139.4392889,3.7960735,,,3
138.39209213,3.0796453,,,3
139.32712616,4.21226894,,,3
139.71493108,3.79509885,,,3
137.59987141,4.13185535,,,3
137.79656773,3.78447669,,,3
138.71188835,3.77352523,,,3
138.39840877,2.80435172,,,3
138.5898332,3.79783254,,,3
139.59230258,3.58430224,,,3
138.3463299,4.73951814,,,3
138.2758492,2.82262055,,,3
138.3020008,4.65267134,,,3
138.74421224,3.6369309,,,3
139.01099524,3.83726015,,,3
139.08056252,3.60381533,,,3
139.64306367,3.69879567,,,3
138.93473555,3.78087192,,,3
139.16985985,4.53719735,,,3
137.88824183,3.57010499,,,3
137.85421807,3.05722421,,,3
137.7006726,3.94539319,,,3
138.0030259,3.17685003,,,3
137.90629369,4.20901255,,,3
139.46968563,3.73121584,,,3
138.77021845,3.7720819,,,3
139.60694599,3.36783936,,,3
138.84027096,4.83503973,,,3
139.3603479,3.43201133,,,3
138.28299412,3.99273519,,,3
139.36148097,3.55899076,,,3
138.77955587,3.79795473,,,3
138.12841347,3.99556887,,,3
138.81430147,4.78702769,,,3
139.11241335,4.81478802,,,3
137.73923449,3.47484928,,,3
138.41320565,3.58555713,,,3
138.03757007,3.57054162,,,3
139.14540053,4.47887322,,,3
138.99704455,3.30814525,,,3
137.56220855,4.14466386,,,3
138.92731221,4.87525034,,,3
137.9361685,4.60747095,,,3
138.81855846,3.7833812,,,3
139.1745887,3.20005949,,,3
138.58425137,3.90275789,,,3
139.32208024,4.63323178,,,3
138.73250479,2.82099958,,,3
139.40786456,4.60468905,,,3
138.98338774,4.19740826,,,3
138.41908409,4.92402476,,,3
138.57108341,3.68580933,,,3
139.53965091,3.72182256,,,3
139.58980952,3.74878084,,,3
139.61613279,3.80462729,,,3
138.57524382,3.70774193,,,3
138.27427069,4.90177376,,,3
138.99970051,4.35607113,,,3
138.72130529,3.32583607,,,3
139.39957181,4.37955648,,,3
137.6279238,3.71699907,,,3
138.65409382,4.5728206,,,3
138.447292,4.05007602,,,3
139.07736469,3.26112875,,,3
137.85234697,3.64816888,,,3
139.02825429,2.86321652,,,3
138.33421938,3.7319357,,,3
138.6374593,3.43017407,,,3
138.64459501,2.83825007,,,3
137.68127055,3.80927234,,,3
138.7709583,3.8650737,,,3
138.27160476,3.10458312,,,3
138.68856541,4.31743039,,,3
137.77196775,3.82068899,,,3
138.85077211,3.64369598,,,3
137.50211244,3.92406494,,,3
139.08856399,4.6404966,,,3
138.80226912,3.7207666,,,3
139.1173907,4.31934211,,,3
139.05874363,3.63745093,,,3
138.13839281,4.75714676,,,3
138.69032016,2.73377863,,,3
138.15838886,3.78525104,,,3
138.5018847,4.93225101,,,3
138.96601985,3.04118923,,,3
139.24190442,3.12907169,,,3
139.39880679,3.36625391,,,3
138.34817717,4.79309447,,,3
139.0017659,4.60496232,,,3
138.38021859,4.50315529,,,3
138.6282147,4.22747798,,,3
138.19773889,4.64099766,,,3
137.96681552,3.37307069,,,3
137.95114226,4.67182769,,,3
139.07443386,3.0071281,,,3
138.24479443,2.87957204,,,3
139.4466986,3.0824549,,,3
138.53540664,3.513837,,,3
139.32260077,4.47813617,,,3
139.30804476,3.64803791,,,3
138.33746842,3.76552562,,,3
139.58895686,3.93931454,,,3
139.21648669,2.91698652,,,3
139.00376541,4.26078075,,,3
139.29939506,3.53632908,,,3
139.64020127,3.54243529,,,3
139.32958835,4.36940118,,,3
139.43852677,3.9587449,,,3
138.11306039,4.43646201,,,3
137.97302827,3.46330366,,,3
139.37250567,3.90141509,,,3
138.07398506,3.79035796,,,3
137.74954919,3.33738496,,,3
138.64553826,4.1395384,,,3
139.18470692,3.46820432,,,3
138.68827421,3.85480095,,,3
137.56514957,3.95691599,,,3
139.5594801,3.97575317,,,3
138.45776103,4.00966707,,,3
139.40947782,3.53518592,,,3
139.0021935,3.18977894,,,3
137.93873971,4.28272438,,,3
137.67406923,4.43052772,,,3
138.55392674,3.49082877,,,3
138.73626895,4.27944189,,,3
138.8039816,3.16685704,,,3
139.73381818,3.81973611,,,3
138.67310607,2.98928326,,,3
138.73261215,3.25701859,,,3
138.30341351,4.6628182,,,3
138.43172102,2.95730603,,,3
137.79951497,4.60714174,,,3
138.68841838,3.823798,,,3
138.21369276,2.8704607,,,3
138.00924752,3.53327189,,,3
139.63916172,3.35332155,,,3
139.37019972,3.02890911,,,3
138.0518143,3.92863412,,,3
137.81235354,3.47423429,,,3
138.71138092,3.76640344,,,3
138.21211921,3.0281206,,,3
139.34478321,3.05699608,,,3
138.22465305,3.66186931,,,3
138.9804243,4.0648026,,,3
139.5788519,3.98739498,,,3
137.81378458,3.12304549,,,3
138.78557263,4.65991125,,,3
139.13674715,3.58080989,,,3
138.91282052,3.11098076,,,3
138.64312537,3.39581849,,,3
139.07748869,4.13530012,,,3
137.97974718,3.06944425,,,3
138.77074253,4.56502671,,,3
138.43232916,3.59293169,,,3
138.08434681,4.31879254,,,3
138.52542148,4.70283984,,,3
138.41807008,2.82317455,,,3
139.46054184,3.32948887,,,3
138.18076626,4.15293546,,,3
138.79604787,4.92261951,,,3
139.07242963,3.21822651,,,3
138.9708868,3.65029124,,,3
139.2822766,3.45306261,,,3
139.22673881,4.34911099,,,3
138.96204248,4.59209768,,,3
137.90915977,4.46266315,,,3
139.02515782,3.90883762,,,3
137.80569529,3.79545566,,,3
138.06241807,3.80806975,,,3
138.97070516,4.47071241,,,3
138.74221506,3.29020968,,,3
138.78289061,4.46570117,,,3
137.81912741,4.22535599,,,3
138.09823775,4.11546332,,,3
138.93098029,3.8104466,,,3
139.23393729,3.66877801,,,3
139.33234948,3.60310172,,,3
138.06606331,4.65009404,,,3
139.46059617,4.27307789,,,3
139.54491519,4.14669369,,,3
138.38154114,4.39168761,,,3
139.10584845,3.66469575,,,3
137.93255734,4.41275867,,,3
137.98693992,4.3072286,,,3
138.17604661,4.5992877,,,3
138.27620997,3.05922711,,,3
139.58940628,3.79067298,,,3
138.32168946,4.63995547,,,3
138.66258332,3.54795547,,,3
138.55733552,3.39301665,,,3
138.8828038,3.77026546,,,3
138.2411725,2.84427276,,,3
138.09400612,4.16208201,,,3
137.98040343,3.1256433,,,3
138.78290438,3.7143149,,,3
139.09971645,3.06786402,,,3
139.28140499,2.9840495,,,3
138.06716674,3.4111091,,,3
137.99532281,4.77899295,,,3
137.97974894,3.26574537,,,3
138.4550485,4.2841277,,,3
139.339274,3.05947998,,,3
138.39834527,2.86977997,,,3
138.74313961,4.49055823,,,3
138.60543008,3.3060688,,,3
138.54592481,4.22649974,,,3
139.37664001,4.63679473,,,3
139.23278949,3.95526459,,,3
138.48303419,2.95128686,,,3
138.00273245,3.72654269,,,3
138.91284065,3.14513033,,,3
138.44255744,4.51333268,,,3
138.75694325,3.76421299,,,3
137.84379241,3.40389858,,,3
138.03597206,4.7349811,,,3
139.05115206,4.4297772,,,3
138.37943177,4.65392397,,,3
138.69730448,4.74558371,,,3
138.49980766,4.66831629,,,3
138.33585177,3.93768979,,,3
138.22367,3.5785924,,,3
139.00500183,3.16395703,,,3
139.59526109,3.67684273,,,3
139.72503326,4.11119785,,,3
139.49972765,3.92683682,,,3
138.43397195,2.9821388,,,3
139.64495218,4.2525736,,,3
139.20647532,4.29810408,,,3
138.87545556,3.54696463,,,3
137.72543527,3.93161039,,,3
138.59241273,4.92250855,,,3
139.03842288,3.35737691,,,3
138.4725288,4.09466151,,,3
137.93456113,3.71711296,,,3
138.59989114,4.80997027,,,3
137.91351426,4.64506707,,,3
138.57820295,3.34250809,,,3
138.71767092,3.41246073,,,3
139.00919523,3.16312532,,,3
139.44313034,3.77780058,,,3
138.87194407,3.89660647,,,3
138.48474606,4.50024251,,,3
138.44585187,4.31929458,,,3
138.03369841,4.27911268,,,3
138.78498,2.94423049,,,3
138.31106752,3.73660106,,,3
139.16798252,4.70143181,,,3
138.5281418,3.51296487,,,3
137.6338584,3.78567948,,,3
138.55536698,3.98356156,,,3
138.88613644,3.73594582,,,3
139.10425144,3.82127734,,,3
138.21986494,4.11934428,,,3
137.83876726,3.1221162,,,3
139.04313274,4.09684052,,,3
139.21725549,4.07103789,,,3
139.60901063,3.59653751,,,3
139.14029223,3.12824145,,,3
138.82552353,3.95422999,,,3
138.41666281,3.67696714,,,3
138.00841881,3.32338053,,,3
139.07330675,4.65403152,,,3
139.06115279,3.26400898,,,3
139.34661367,3.31268179,,,3
137.64715321,4.39447343,,,3
138.32793267,4.22794289,,,3
138.29636511,3.04690742,,,3
137.73458298,4.06903717,,,3
137.8253015,4.37669295,,,3
138.72283995,3.71890149,,,3
137.80783328,4.07432754,,,3
139.03401544,3.11603635,,,3
137.76545707,4.37661637,,,3
139.27517716,4.48751393,,,3
138.80968658,3.24956024,,,3
139.08243765,2.88557924,,,3
138.91129169,4.2888783,,,3
138.1086734,4.30796372,,,3
139.33173025,4.17735714,,,3
138.95857694,3.19924976,,,3
138.43934587,3.68637015,,,3
138.50529489,2.9674342,,,3
138.02648428,3.92850724,,,3
137.64092887,3.77329448,,,3
137.54769025,3.60692295,,,3
138.37973956,3.14724459,,,3
139.20479663,3.41690756,,,3
138.08880588,3.81366552,,,3
137.92150529,3.71961497,,,3
137.84464003,3.31887027,,,3
138.37225381,4.38980273,,,3
138.89054786,4.44900373,,,3
138.96799466,4.46808315,,,3
139.4289198,4.03887059,,,3
139.31281252,4.23324136,,,3
139.71865566,4.03338875,,,3
138.07306625,4.56071011,,,3
137.67358295,3.61876669,,,3
139.18008652,3.4417018,,,3
138.66031795,4.17882327,,,3
138.28557349,3.55338077,,,3
139.52699939,3.60065043,,,3
137.78188806,3.29563586,,,3
138.88761826,4.73708565,,,3
139.20661193,3.36510954,,,3
137.92822637,3.05492792,,,3
138.45076497,3.37890051,,,3
139.07579896,4.75902197,,,3
137.62892104,3.82547075,,,3
139.45529532,4.2814473,,,3
